圃場番号,附番,EC,PH,硬度計ID,Latitude,Longitude,Set Depth[cm],Date and Time,Cone[cm2],Number of Plot,Name of Plot,Speed[cm/s],Angle[����],EC_mean,PH_mean,1_mean,2_mean,3_mean,4_mean,5_mean,6_mean,7_mean,8_mean,9_mean,10_mean,11_mean,12_mean,13_mean,14_mean,15_mean,16_mean,17_mean,18_mean,19_mean,20_mean,21_mean,22_mean,23_mean,24_mean,25_mean,26_mean,27_mean,28_mean,29_mean,30_mean,31_mean,32_mean,33_mean,34_mean,35_mean,36_mean,37_mean,38_mean,39_mean,40_mean,41_mean,42_mean,43_mean,44_mean,45_mean,46_mean,47_mean,48_mean,49_mean,50_mean,51_mean,52_mean,53_mean,54_mean,55_mean,56_mean,57_mean,58_mean,59_mean,60_mean,刈入状況,コメント,Spring[N/48.5mm],3データの最大圧の深さの平均,3データの最大圧力の平均,播種月日,SoilName,担当者,地図№,調査日,現物重量ｋｇ,計量時水分％,圃場面積,住所,反収現物重量kg/10a,15%時の重量,15%反収現物重量kg/10a
1.0,2,25,7.14,A2,N 40.268380,E 140.022773,60,21.11.04 08:38:48,2,A,,1.0,30.0,27.67,7.36,285,486,650,779,822,887,959,1090,1257,1543,1812,1945,2105,2414,2748,3283,3515,3691,3855,3906,4036,4033,4039,3965,3917,3742,2008,1697,1697,1697,1697,1697,1486,1697,62,62,62,62,62,62,62,62,62,62,62,62,62,62,62,62,62,62,62,62,62,62,62,62,62,71,,,,23,4345,7月4日,典型普通砂質未熟土,松森,1,12月　　7日,723.0,0.18,5387.0,沼田横長根下1-4,134.0,700.0,130.0
2.0,2,17,6.78,2, N 00.00.0000, E 000.00.0000,60, 21.11.04 08:51:30,2,,,,,31.0,6.42,232,232,232,232,232,232,232,232,246,257,274,333,463,713,1125,1535,1848,2061,2324,2536,1782,1814,1867,1867,1867,1846,1049,1049,1049,1049,1049,1049,1049,1049,1049,1049,232,232,232,232,232,232,232,232,232,232,232,232,232,232,232,232,232,232,232,232,232,232,232,232,済,,490.0,21,2684,,,,,,,,,,,,
3.0,2,20,6.5,5, N 00.00.0000, E 000.00.0000,60, 21.11.04 08:59:48,2,,,,,27.0,6.3,232,232,232,232,247,334,421,553,634,792,962,1151,1351,1676,1833,2150,2278,2429,2537,2595,2620,2623,2628,2628,2633,2684,2684,2684,2684,2684,1867,1867,1867,1867,1867,1867,1867,1867,1867,1867,1867,1867,1867,1867,1867,1867,1867,1867,1867,1867,1867,1049,1049,232,232,232,232,232,232,232,半分済,,490.0,21,2684,,,,,,,,,,,,
4.0,2,8,6.63,8, N 00.00.0000, E 000.00.0000,60, 21.11.04 09:07:24,2,,,,,17.33,6.49,232,289,325,370,411,507,669,756,1168,1361,1530,1725,1923,2147,2182,2455,2574,2684,2684,1867,1867,1867,1867,1867,1867,1867,1049,1049,1049,1049,232,232,232,232,232,232,232,232,232,232,232,232,232,232,232,232,232,232,232,232,232,232,232,232,232,232,232,232,232,232,未,,490.0,17,2684,,,,,,,,,,,,
5.0,2,43,6.68,11, N 00.00.0000, E 000.00.0000,60, 21.11.04 09:13:31,2,,,,,58.0,6.69,232,295,398,579,728,1149,1336,1590,1836,1948,2020,2217,2460,2608,2684,2684,2684,2684,2684,1867,1049,232,232,232,232,232,232,232,232,232,232,232,232,232,232,232,232,232,232,232,232,232,232,232,232,232,232,232,232,232,232,232,232,232,232,232,232,232,232,232,未,,490.0,13,2684,7月4日,典型普通砂質未熟土,松森,1,12月　　7日,811.0,0.183,5643.0,沼田坊塚下1-4,144.0,780.0,138.0
6.1,2,20,6.09,14, N 00.00.0000, E 000.00.0000,60, 21.11.04 09:29:13,2,,,,,23.0,6.21,259,320,492,718,886,1034,1198,1402,1565,1735,1985,2200,2307,2470,2571,2682,2684,2684,2684,2684,2684,2684,2684,2684,2684,2684,2684,2578,1867,1867,1867,1867,1867,1867,1867,1867,1867,1850,1782,1614,1456,1245,822,822,1142,1053,918,815,1520,1518,1520,1504,1491,657,638,613,554,510,449,402,未,ポリゴンは１つ。２つに分かれている。,490.0,15,2684,,,,,,,,,,,,
6.2,2,20,6.51,17, N 00.00.0000, E 000.00.0000,60, 21.11.04 09:35:50,2,,,,,35.33,6.12,232,247,376,506,595,724,837,890,988,1098,1191,1344,1452,1617,1892,2145,2364,2450,2495,2536,2539,2541,2551,2551,2553,2563,2563,2574,2583,2581,2579,2640,2662,1867,1867,2527,1634,1867,1867,1867,1867,1867,1049,1049,994,925,872,859,861,889,1021,1049,1049,1049,1049,1049,1049,1049,1049,232,未,,490.0,23,2684,,,,,,,,,,,,
7.0,2,15,7.05,20, N 00.00.0000, E 000.00.0000,60, 21.11.04 09:42:16,2,,,,,16.0,6.92,232,294,406,530,625,776,852,1119,1287,1479,1665,1899,2088,2371,2480,2479,2580,2542,2500,2457,2399,2350,2323,2295,2290,2290,2290,1486,1661,1723,1715,1867,1867,1867,1867,1867,1049,1049,1049,1049,1049,1049,1034,1049,232,232,232,232,232,232,232,232,232,232,232,232,232,232,232,232,未,,490.0,21,2684,7月4日,典型普通砂質未熟土,松森,1,12月　　8日,766.0,0.187,2909.0,沼田黒トフ1-12,263.0,730.0,251.0
8.0,2,17,6.75,A35,N 40.273903,E 140.023400,60,21.11.04 09:47:55,2,A,,1.0,30.0,18.33,6.65,156,240,304,403,489,570,634,723,722,878,1117,1302,1534,1910,2304,3002,3501,3902,2435,2674,2818,2903,2861,2778,2752,1855,1009,946,848,716,626,585,533,508,489,468,443,456,458,376,528,922,1233,1283,1710,75,75,75,75,75,75,75,75,75,75,75,75,75,75,75,,,,29,4827,7月4日,典型普通砂質未熟土,松森,1,12月　　7日,894.0,0.175,5379.0,沼田黒トフ1-10,166.0,870.0,162.0
9.0,2,18,6.69,A32,N 40.274955,E 140.022204,60,21.11.04 09:37:24,2,A,,1.0,30.0,23.0,6.57,150,287,461,638,780,924,1031,1202,1295,1561,2102,2507,2630,2837,3057,3303,3510,3682,2083,2365,2435,2357,2353,2265,2081,2377,2761,1215,1455,117,62,62,62,62,62,62,62,62,62,62,62,62,62,62,62,62,62,62,62,62,62,62,62,62,62,62,62,62,62,62,,,,24,4724,,,,,,,,,,,,
10.0,2,26,6.17,A29,N 40.275363,E 140.022124,60,21.11.04 09:34:08,2,A,,1.0,30.0,25.0,6.22,229,220,267,376,494,603,722,816,906,1041,1275,1431,1599,1878,2131,2394,2709,2881,2914,2902,2851,2821,2830,3001,3149,3274,3404,3716,3935,3891,4024,4025,4159,4147,1300,1301,1384,1437,1505,1598,1657,1578,1620,1706,1712,77,77,77,77,77,77,77,77,77,77,77,77,77,77,77,,,,36,4875,7月4日,典型普通砂質未熟土,松森,1,12月　　8日,940.0,0.183,5502.0,沼田黒トフ5-2,171.0,900.0,164.0
11.0,2,16,6.29,A26,N 40.275739,E 140.022524,60,21.11.04 09:30:24,2,A,,1.0,30.0,16.67,6.18,161,206,258,361,474,578,675,858,1057,1379,1402,1327,1382,1470,1692,1916,2454,2647,2739,2856,3005,3160,3321,3389,3401,3434,3538,3702,3683,3756,3805,3793,3794,3906,3937,3940,3825,3642,3593,3583,3085,3727,3801,3752,3591,3752,3681,3656,3667,3538,3567,3788,3503,3343,3354,3504,3466,3390,3253,191,,,,34,4363,,,,,,,,,,,,
12.0,2,20,6.56,A23,N 40.276061,E 140.022431,60,21.11.04 09:26:07,2,A,,1.0,30.0,19.33,6.05,158,262,355,437,531,608,721,896,1018,1140,1293,1571,1893,2124,2303,2376,2483,2758,3043,3264,3520,3804,3883,3920,3246,4053,4172,4299,4317,4190,4115,4002,4209,4305,4428,4499,2897,2858,2778,2784,2755,2608,1259,2789,2866,2811,2821,1233,1217,1211,1220,1206,1256,1233,1202,1158,1090,1006,1056,254,,,,37,4820,,,,,,,,,,,,
13.0,2,16,5.82,A20,N 40.276348,E 140.022473,60,21.11.04 09:22:47,2,A,,1.0,30.0,13.33,6.06,223,235,278,320,359,408,467,517,595,693,846,909,1041,1255,1500,1832,2104,2356,2483,2795,3065,3228,3356,3560,3724,4092,4258,4219,2932,2647,2767,2784,2701,2684,2638,2478,2200,1970,1913,1817,1757,1788,1907,2110,2136,2073,2108,2006,498,423,346,322,309,350,458,553,633,692,813,62,,,,29,4737,,,,,,,,,,,,
14.0,2,10,6.67,A17,N 40.276663,E 140.022478,60,21.11.04 09:19:57,2,A,,1.0,30.0,11.33,6.58,224,241,284,330,375,434,490,553,642,769,944,1215,1348,1518,1667,1790,1904,2038,2264,2615,2995,3314,3472,3291,1934,1930,1958,1948,1916,1864,1846,1824,1829,1895,1996,2107,2213,2299,2327,2454,2493,2461,2417,2277,2116,1989,1860,1757,1540,1749,1916,2093,2359,2271,2650,3074,1497,1374,1347,62,,,,45,4708,,,,,,,,,,,,
15.0,2,57,6.48,A14,N 40.276976,E 140.022510,60,21.11.04 09:16:15,2,A,,1.0,30.0,56.33,6.63,156,166,212,248,276,292,330,407,504,612,735,997,1357,1542,2089,2366,2634,3224,3570,4087,2594,2683,2748,2976,1617,1697,1697,62,62,62,62,62,62,62,62,62,62,62,62,62,62,62,62,62,62,62,62,62,62,62,62,62,62,62,62,62,62,62,62,62,,,,23,4925,,,,,,,,,,,,
16.0,2,19,6.47,A5,N 40.278751,E 140.023137,60,21.11.04 08:52:52,2,A,,1.0,30.0,23.67,6.36,111,150,192,264,355,458,549,636,694,829,1008,1273,1473,1620,1751,1856,1993,2157,2413,2642,2740,2837,3000,3116,3473,2907,3994,4269,4292,4336,4286,2671,2690,1686,2679,2668,2646,2670,1307,1418,1188,1609,1697,62,62,62,62,62,62,62,62,62,62,62,62,62,62,62,62,62,,,,35,4966,,,,,,,,,,,,
17.0,2,12,6.66,A8,N 40.279135,E 140.023257,60,21.11.04 09:01:10,2,A,,1.0,30.0,9.33,6.82,140,136,130,124,133,155,188,242,298,367,480,632,878,1125,1402,1612,1867,2074,2251,2385,2572,2674,2742,2822,2853,3006,3047,3505,3741,4037,4240,4189,4303,4431,4545,4633,3292,3076,1559,62,62,62,62,62,62,62,62,62,62,62,62,62,62,62,62,62,62,62,62,62,,,,37,4711,,,,,,,,,,,,
18.0,2,13,6.77,A11,N 40.279481,E 140.023226,60,21.11.04 09:04:41,2,A,,1.0,30.0,10.33,6.71,151,172,235,338,437,537,629,729,823,928,1053,1170,1305,1402,1512,1546,1693,1837,2000,2098,2146,2211,2334,2415,2505,2647,2780,2972,2947,3372,3730,4117,4350,4375,1467,1499,1534,1596,1670,62,62,62,62,62,62,62,62,62,62,62,62,62,62,62,62,62,62,62,62,62,,,,35,4696,,,,,,,,,,,,
20.0,2,93,6.05,24, N 00.00.0000, E 000.00.0000,60, 21.11.04 10:20:29,2,,,,,84.0,6.0,232,234,246,262,298,408,591,893,1130,1316,1353,1461,1462,1479,1518,1535,1579,1594,1612,1638,1643,1663,1697,1692,1719,1751,1766,1821,1830,1855,1907,1953,1968,1973,1974,1978,1980,1979,1979,1988,2143,2145,2143,2145,2146,2157,2145,2135,2132,2113,2081,2050,2003,1988,1992,1992,1992,1992,1992,1993,未,,490.0,48,2160,,,,,,,,,,,,
21.0,2,65,5.94,27, N 00.00.0000, E 000.00.0000,60, 21.11.04 10:28:13,2,,,,,59.33,5.96,261,261,261,271,291,340,424,640,927,1062,1415,1565,1601,1614,1619,1619,1643,1614,1606,1602,1623,1617,1590,1547,1488,1473,1461,1449,1447,1383,1361,1373,1415,1427,1427,1413,1419,1446,1510,1528,1537,1555,1563,1579,1582,1585,1587,1596,1612,1631,1639,1639,1644,1646,1646,1644,1653,1668,1676,1678,未,,490.0,33,1703,,,,,,,,,,,,
22.0,2,65,5.94,30, N 00.00.0000, E 000.00.0000,60, 21.11.04 10:33:35,2,,,,,52.67,5.92,241,242,246,246,281,366,500,694,830,1008,1137,1212,1272,1294,1351,1439,1582,1656,1671,1740,1742,1751,1747,1767,1843,1892,1919,1931,1938,1922,1936,1951,1961,1973,1965,1965,1959,1922,1914,1942,2071,2094,2124,2094,2029,2054,2221,2352,2162,2285,2246,2158,2069,2000,1953,1937,1968,2028,2067,2074,未,,490.0,45,2374,,,,,,,,,,,,
23.0,2,61,6.0,33, N 00.00.0000, E 000.00.0000,60, 21.11.04 10:39:08,2,,,,,59.67,6.03,264,284,289,289,294,332,600,812,969,1107,1263,1363,1449,1545,1584,1595,1607,1629,1658,1692,1749,1820,1904,1911,1953,1966,1997,2029,2088,2136,2156,2170,2205,2302,2352,2389,2386,2391,2389,2391,2391,2389,2389,2389,2389,2374,2368,2362,2357,2352,2354,2359,2349,2342,2340,2337,2337,2307,2285,2256,未,,490.0,48,2404,,,,,,,,,,,,
24.0,2,42,6.14,A41,N 40.285903,E 140.058324,60,21.11.04 10:22:22,2,A,,1.0,30.0,43.67,6.21,187,253,308,364,410,483,631,818,1024,1238,1472,1601,1653,1655,1676,1623,1623,1629,1650,1656,1697,1762,1758,1729,1733,1743,1728,1709,1688,1667,1670,1693,1708,1705,1706,1733,1762,1777,1726,1640,1597,1695,1807,1855,1871,1882,1757,1890,1917,1922,1991,2030,1865,1835,1883,1911,1980,2042,2057,62,,,,40,2278,,,,,,,,,,,,
25.0,2,35,5.74,A38,N 40.285562,E 140.057651,60,21.11.04 10:19:18,2,A,,1.0,30.0,51.33,5.88,99,129,144,170,202,220,257,390,581,910,1130,1129,1154,1159,1155,1151,1202,1170,1152,1128,1270,1433,1523,1517,1565,1579,1588,1686,1727,1700,1658,1659,1682,1677,1670,1675,1673,1668,1662,1643,1598,1628,1682,1695,1694,1691,1728,1742,1823,1835,1845,1800,1836,1869,2009,1953,1903,1126,1085,62,,,,38,2137,,,,,,,,,,,,
26.0,2,35,5.63,A44,N 40.285381,E 140.059199,60,21.11.04 10:27:28,2,A,,1.0,30.0,45.33,5.77,112,138,161,190,214,227,250,269,292,321,390,489,576,683,770,921,1118,1310,1422,1546,1526,1545,1529,1453,1434,1433,1417,1404,1365,1334,1352,1379,1405,1528,1563,1575,1572,1540,1246,1553,1578,1591,1580,1612,1338,1624,1509,1610,1618,1589,1710,1865,2156,1989,2228,2199,2160,2137,2122,62,,,,55,2333,,,,,,,,,,,,
27.0,2,48,5.92,A53,N 40.285677,E 140.060368,60,21.11.04 10:39:38,2,A,,1.0,30.0,42.0,6.01,325,399,439,515,643,842,1050,1115,1142,1106,1059,1050,1069,1058,1067,1081,1058,1029,1019,1033,1167,1117,1194,1217,1212,1269,1298,1321,1349,1328,1298,1293,1331,1280,1261,1221,1197,1201,1291,1341,1369,1373,1662,1420,1413,1388,1446,1367,1329,1346,1446,1546,1614,1661,1668,1638,974,967,955,65,,,,50,1923,6月30日,淡色普通非アロフェン質黒ボク土,佐々木,2,12月　　8日,331.0,0.194,1969.0,畑谷上根洗向92,168.0,310.0,157.0
28.0,2,50,5.88,A47,N 40.285137,E 140.060629,60,21.11.04 10:32:05,2,A,,1.0,30.0,50.67,6.05,396,452,474,469,483,487,468,499,523,621,842,1254,1591,1669,1667,1666,1659,1651,1735,1856,1961,1954,1960,1943,1919,1899,1879,1839,1840,1862,1840,1799,1743,1739,1799,1764,1755,1866,1883,1888,1953,1913,1872,2003,2035,2057,2073,2153,2203,2235,2223,2242,2238,2248,2220,2205,2178,2300,2295,62,,,,52,2499,,,,,,,,,,,,
29.0,2,100,6.29,A50,N 40.284849,E 140.060372,60,21.11.04 10:35:27,2,A,,1.0,30.0,73.67,6.34,207,283,327,356,362,374,407,463,611,825,1062,1340,1513,1649,1825,1887,2042,1972,2034,2118,2125,2064,2074,2096,2158,2201,2165,2136,2091,2028,1912,1889,1893,1970,2030,2087,2228,2311,2332,2279,2211,2175,2208,2175,2184,2203,2220,2190,2112,2093,2127,2118,2157,2128,2196,2213,2261,2251,2232,62,,,,52,2433,6月30日,淡色普通非アロフェン質黒ボク土,佐々木,2,12月　　8日,266.0,0.2,1517.0,畑谷上根洗向76,175.0,250.0,165.0
31.0,2,29,5.96,A59,N 40.284697,E 140.061983,60,21.11.04 10:49:30,2,A,,1.0,30.0,34.67,5.74,279,336,380,409,428,468,716,410,490,732,903,960,992,1048,1167,1265,1327,1530,1532,1502,1438,1337,1284,1238,1131,1055,1034,1035,1077,1149,1023,1705,1699,943,1940,584,575,597,574,604,579,584,551,488,470,460,451,452,441,434,562,531,538,507,510,477,477,501,530,83,,,,21,2468,,,,,,,,,,,,
32.0,2,36,5.5,A56,N 40.284770,E 140.061662,60,21.11.04 10:46:48,2,A,,1.0,30.0,26.67,5.64,286,344,392,425,443,569,776,644,912,1299,1550,1579,1594,1642,1884,1993,2054,2097,2075,1699,1825,1990,1936,2041,624,636,616,622,627,656,734,859,947,982,996,950,915,889,968,76,76,74,74,74,74,75,79,86,81,80,89,95,94,99,99,101,102,103,105,77,,,,16,3037,,,,,,,,,,,,
33.0,2,60,6.05,36, N 00.00.0000, E 000.00.0000,60, 21.11.04 11:07:03,2,,,,,84.67,6.07,232,232,239,271,288,408,642,917,1215,1404,1569,1574,1577,1528,1516,1516,1503,1503,1505,1486,1525,1528,1503,1476,1474,1486,1441,1400,1388,1381,1408,1454,1467,1505,1516,1530,1533,1501,1479,1456,1430,1417,1417,1451,1484,1513,1547,1596,1626,1655,1767,1791,1843,1843,1843,1843,1921,2050,2066,2108,未,,490.0,58,2108,,,,,,,,,,,,
34.0,2,49,6.42,42, N 00.00.0000, E 000.00.0000,60, 21.11.04 11:20:18,2,,,,,52.0,6.38,348,367,396,419,541,756,901,1087,1237,1343,1388,1493,1560,1535,1543,1604,1745,1744,1771,1835,1887,1921,1961,2091,2079,2072,2064,2050,1223,1220,1213,1204,1168,1122,1086,1061,1027,1046,1061,1144,1186,1206,1194,1194,1199,1203,1204,1230,1307,1553,1589,1590,773,771,771,771,862,889,899,963,未,③センサー,490.0,45,2598,6月30日,淡色普通非アロフェン質黒ボク土,佐々木,2・3・4,12月　　9日,522.0,0.193,2438.0,大台軸160-27,214.0,500.0,205.0
35.0,2,48,5.68,39, N 00.00.0000, E 000.00.0000,60, 21.11.04 11:15:53,2,,,,,44.0,5.73,232,235,249,251,256,286,357,502,669,927,1156,1371,1612,1653,1654,1651,1599,1577,1580,1577,1555,1542,1535,1526,1514,1518,1537,1530,1530,1531,1530,1535,1552,1557,1585,1665,2007,1238,1240,1240,1232,1228,1206,1188,1188,1225,1284,1318,1331,1329,1321,1321,1321,1348,1368,1407,1420,1420,1412,1373,未,,490.0,36,2367,,,,,,,,,,,,
38.0,2,41,5.97,A83,N 40.292697,E 140.059047,60,21.11.04 11:43:55,2,A,,1.0,30.0,41.67,5.94,320,405,421,502,692,788,945,1129,1287,1217,1229,1281,1561,1491,1774,2056,2403,2647,2558,1553,370,384,374,357,369,386,388,385,415,416,85,85,85,85,85,85,85,85,85,85,85,85,85,85,85,85,85,85,85,85,85,85,85,85,85,85,85,85,85,85,,,,16,3073,,,,,,,,,,,,
39.0,2,74,6.43,A86,N 40.292881,E 140.059181,60,21.11.04 11:48:44,2,A,,1.0,30.0,79.67,6.22,243,320,327,352,371,476,481,999,1027,885,759,728,721,712,722,770,809,837,886,1108,1377,1708,1839,1872,1941,1883,1979,1918,2123,2517,2482,3102,1703,1601,1493,1613,1446,1423,1453,1351,1297,1244,1099,980,993,997,878,817,1001,1192,1287,1265,951,1500,370,380,394,454,380,87,,,,29,3351,,,,,,,,,,,,
40.0,2,37,6.29,A80,N 40.293360,E 140.059331,60,21.11.04 11:37:08,2,A,,1.0,30.0,36.0,6.18,236,273,308,352,469,574,894,1113,902,1144,1193,1183,1232,1308,1213,1334,1337,1337,1326,1347,1330,1287,1299,1342,1413,1417,1411,1422,1468,1490,1475,1451,1491,1553,1513,1539,1530,1519,1506,1428,1543,1387,1573,1650,1655,1625,1636,1614,1701,1696,1599,1534,1504,1545,1585,1523,1661,1673,1621,75,,,,38,2192,,,,,,,,,,,,
41.0,2,36,5.93,A77,N 40.294019,E 140.059930,60,21.11.04 11:32:15,2,A,,1.0,30.0,30.0,5.94,428,442,467,492,543,644,785,1071,1402,1712,1860,1966,1996,2012,2041,1998,1995,1989,1933,1959,1897,1803,1835,1616,1873,1928,1879,1936,1988,2019,2055,2015,1864,2005,2038,2132,2352,2305,2333,2346,2302,2178,2222,2163,2194,2273,2294,2255,2319,2378,2428,2514,2491,2410,1449,1356,1247,1296,1367,88,,,,44,3006,7月7日,淡色普通非アロフェン質黒ボク土,松森,3,12月　10日,125.0,0.204,3563.0,畑谷御注進5-21,35.0,120.0,34.0
42.0,2,59,6.48,A89,N 40.294164,E 140.060656,60,21.11.04 11:56:17,2,A,,1.0,30.0,55.0,6.5,319,424,493,614,791,1038,1355,1564,1651,1681,1729,1757,1822,1986,2115,2213,2269,2262,2199,2109,2151,2211,2235,2205,2184,2181,2143,2104,2110,2097,2056,2063,2049,2040,2026,2017,2109,2083,1956,2108,2178,2201,2325,2404,2356,2033,2065,2063,2076,2112,1992,2127,2316,2404,2431,2440,2413,2375,2320,68,,,,46,2910,,,,,,,,,,,,
43.0,2,38,6.2,A74,N 40.294665,E 140.059989,60,21.11.04 11:29:20,2,A,,1.0,30.0,27.0,6.23,305,418,430,445,573,676,944,1067,1448,1533,1565,1607,1669,1710,1781,2003,2101,2172,2140,2054,1978,1900,1876,1986,2411,2377,1643,598,594,537,480,452,445,454,468,478,484,480,465,451,444,439,434,436,442,444,440,434,436,435,429,415,407,431,491,525,505,480,464,77,,,,24,3030,,,,,,,,,,,,
44.0,2,39,6.07,A98,N 40.294848,E 140.059446,60,21.11.04 12:37:36,2,A,,1.0,30.0,33.0,6.08,289,394,414,462,501,511,634,858,1125,1325,1521,1530,1531,1647,1711,1919,2134,2254,2312,2248,2264,2200,2169,2103,2040,2005,1972,1961,1964,1972,1987,1987,1989,1984,1970,1968,1960,1986,1988,1936,1932,1938,1955,1948,1972,1974,1966,1919,1871,1843,1831,1863,1930,1978,1987,2094,2140,2199,2276,73,,,,29,2415,,,,,,,,,,,,
45.0,2,36,5.87,B1,N 40.294918,E 140.058985,60,21.11.04 12:43:31,2,B,,1.0,30.0,32.67,5.9,255,381,402,421,478,609,898,1300,1498,1647,1715,1602,1550,1516,1501,1478,1382,1304,1271,1349,1460,1583,1636,1637,1712,1758,1756,1751,1735,1705,1697,1713,1716,1773,1803,1846,1810,1773,1776,1809,1680,1771,1843,1911,1884,1701,1865,2007,1983,1978,1983,1985,1985,2017,2078,2185,2232,2289,2213,90,,,,58,2335,,,,,,,,,,,,
46.0,2,31,5.85,B13,N 40.295892,E 140.058060,60,21.11.04 12:58:42,2,B,,1.0,30.0,28.0,5.74,284,356,436,459,511,605,706,772,855,964,1181,1290,1402,1472,1470,1388,1381,1384,1503,1564,1634,1766,1902,1938,1948,1945,1980,2032,2048,2099,1942,2066,2062,2054,2064,2076,2073,2107,2125,2084,1982,2067,2035,2056,2125,2275,2416,2468,2460,2453,2457,2431,2332,2532,2524,2418,2423,2505,2595,67,,,,54,2714,7月7日,淡色普通非アロフェン質黒ボク土,松森,3,12月　10日,410.0,0.179,3976.0,畑谷野田中台11-13,103.0,400.0,101.0
47.0,2,26,5.86,B10,N 40.296658,E 140.058345,60,21.11.04 12:55:08,2,B,,1.0,30.0,28.33,5.95,262,305,329,426,563,875,1044,1283,1357,1519,1539,1590,1665,1715,1791,1811,1828,1959,2048,2127,2209,2144,2095,2083,2086,2082,2049,2034,2042,2045,2051,2045,2114,2145,2169,2206,2235,2277,2291,2317,2367,2500,2587,2597,2633,2679,2731,2666,2589,2419,1650,1612,1600,1587,742,710,681,688,699,63,,,,47,2784,,,,,,,,,,,,
48.0,2,26,5.78,B4,N 40.295582,E 140.059139,60,21.11.04 12:47:15,2,B,,1.0,30.0,39.33,5.78,313,441,503,560,632,807,1033,1331,1374,1432,1472,1468,1441,1446,1439,1477,1491,1545,1613,1775,1802,1833,1856,1879,1962,1995,2047,2091,2152,2140,2107,2072,2047,2041,2040,2104,2166,2101,2062,2163,2232,2201,2126,2022,2057,2126,2192,2236,2223,2172,2213,2163,2115,2167,2410,1492,1544,1568,1596,62,,,,50,2593,,,,,,,,,,,,
49.0,2,28,5.65,A95,N 40.295517,E 140.059578,60,21.11.04 12:34:36,2,A,,1.0,30.0,25.67,5.69,319,402,448,517,657,928,1310,1552,1742,1818,1831,1821,1884,1984,1927,1935,1900,1874,1799,1806,1868,1889,1974,2010,1961,1889,2172,2127,2191,2129,2116,2009,2151,1947,2021,2036,1974,1969,2061,1766,1322,1339,1423,1432,1197,1559,1516,1597,1696,1691,1798,1919,1924,1863,2010,2007,1975,2090,2102,197,,,,46,2949,,,,,,,,,,,,
50.0,2,18,5.93,A71,N 40.295198,E 140.060244,60,21.11.04 11:25:17,2,A,,1.0,30.0,25.33,6.03,275,357,463,590,683,1001,1485,1811,2149,2255,2231,2243,2218,2199,2227,2326,2304,2276,2371,2387,2638,2739,2684,2654,2706,2525,2538,2542,2518,2584,2597,2726,2780,2767,2712,2673,2695,1993,1999,1885,1652,1859,1872,1937,2186,911,899,867,848,801,833,864,859,884,768,787,830,835,866,75,,,,34,3241,,,,,,,,,,,,
51.0,2,40,6.05,A68,N 40.295839,E 140.060270,60,21.11.04 11:22:03,2,A,,1.0,30.0,34.67,6.08,267,326,384,413,496,650,867,1099,1264,1343,1419,1450,1556,1676,1772,1955,2067,2095,2159,2171,2171,2176,2174,2289,2302,2251,2237,2154,2181,2155,2246,2324,2341,1876,2608,2591,2452,2395,2429,2381,2424,2415,2413,2309,2353,2407,2344,2224,1685,2235,2303,2346,2343,2394,2366,2237,2357,2335,2392,776,,,,38,2784,7月7日,淡色普通非アロフェン質黒ボク土,松森,3,12月　10日,72.0,0.182,3902.0,畑谷御注進5-7,18.0,70.0,18.0
52.0,2,37,6.25,A65,N 40.296434,E 140.060449,60,21.11.04 11:18:56,2,A,,1.0,30.0,19.67,6.09,354,354,378,410,498,604,734,1087,1347,1442,1464,1388,1310,1267,1253,1239,1150,1134,1077,1034,1057,1339,692,728,742,768,792,817,829,833,898,993,1030,1057,1091,1130,1164,1181,1163,1149,1168,1212,1246,1308,1366,1383,1386,1380,1399,1417,1410,1392,1349,1322,1341,1376,1390,1418,1482,94,,,,47,2147,,,,,,,,,,,,
53.0,2,18,6.2,A92,N 40.296360,E 140.059932,60,21.11.04 12:30:10,2,A,,1.0,30.0,26.33,6.12,348,422,468,502,545,647,747,844,977,1105,1200,1290,1327,1352,1410,1479,1624,1659,1874,1994,2042,2083,2161,2199,2200,2164,2135,2129,2049,2098,2109,2098,2041,1994,1939,1904,1900,1923,1915,1906,1952,1930,1973,2011,2059,2055,2009,2011,1998,2020,2054,2066,2068,2096,2128,2145,2214,2275,2316,96,,,,48,2418,,,,,,,,,,,,
54.0,2,40,5.93,B7,N 40.296286,E 140.059281,60,21.11.04 12:50:33,2,B,,1.0,30.0,32.33,5.93,188,268,301,306,318,364,408,573,915,1014,1236,1343,1373,1417,1409,1420,1436,1448,1391,1365,1403,1378,1436,1503,1494,1520,1540,1609,1558,1622,1651,1604,1576,1561,1570,1528,1535,1592,1602,1634,1639,1587,1585,1607,1573,1546,1566,1547,1541,1584,1567,1525,1494,1460,1431,1512,1529,1627,1602,67,,,,32,1961,7月7日,淡色普通非アロフェン質黒ボク土,松森,3,12　月　9　日,400.0,0.179,3560.0,畑谷野田中台11-1,112.0,390.0,110.0
55.0,2,25,6.02,A62,N 40.296744,E 140.060580,60,21.11.04 11:09:47,2,A,,1.0,30.0,28.33,5.95,496,588,687,802,955,1128,1286,1507,1680,1720,1862,1860,1943,1933,1968,2002,2001,2065,2048,2074,2079,2121,2115,2091,2035,2039,2057,2214,2336,2291,2205,2182,2127,2114,2078,2041,2006,2020,2033,2019,2008,1966,1939,1962,1939,1942,1927,1929,1909,1910,1912,1909,1920,1933,1954,1932,1929,1957,2034,66,,,,27,2373,7月7日,淡色普通非アロフェン質黒ボク土,松森,3,12　月　　9日,68.0,0.181,1810.0,畑谷御注進5-47,38.0,70.0,39.0
56.0,2,53,5.98,51, N 00.00.0000, E 000.00.0000,60, 21.11.04 11:59:54,2,,,,,65.33,5.97,232,232,257,290,320,382,534,761,1045,1152,1408,1562,1803,2133,2135,2135,2103,2111,2111,2175,2184,2148,2091,2029,1926,1857,1845,1946,2318,2465,2505,1730,1767,1049,1049,980,1049,1049,1049,1049,232,232,232,232,232,232,232,232,232,232,232,232,232,232,232,232,232,232,232,232,未,,490.0,21,2603,,,,,,,,,,,,
57.0,2,90,6.23,45, N 00.00.0000, E 000.00.0000,60, 21.11.04 11:30:58,2,,,,,80.33,6.26,372,404,414,424,458,553,741,1011,1218,1484,1836,1968,2131,2143,2131,2074,1951,1808,1686,1629,1606,1587,1558,1518,1483,1471,1483,1555,1643,1613,1586,1591,1570,1567,1584,1602,1661,1698,1747,1791,1786,1784,1784,1827,1867,1889,1904,1912,1907,1926,1939,1939,1941,1960,1978,2003,2007,2022,2027,2054,未,④センサー,490.0,26,2350,6月30日,淡色普通非アロフェン質黒ボク土,佐々木,2・3・4,12月　　9日,147.0,0.197,1587.0,大台軸34-26,93.0,140.0,88.0
58.0,2,48,6.13,48, N 00.00.0000, E 000.00.0000,60, 21.11.04 11:49:48,2,,,,,55.33,6.28,526,593,669,808,942,1236,1462,1535,1584,1673,1699,1687,1720,1778,1783,1772,1779,1791,1801,1806,1782,1776,1762,1786,1808,1811,1830,1852,1894,1899,1922,1985,2023,2067,2116,2145,2148,2133,2123,2105,2091,2076,2074,2071,2073,2071,2078,2086,2100,2100,2100,2100,2091,2088,2071,2069,2069,2066,2069,2079,未,,490.0,37,2152,6月30日,淡色普通非アロフェン質黒ボク土,佐々木,2・3・4,12月　　9日,256.0,0.199,1722.0,大台軸10-3,149.0,240.0,139.0
59.0,2,44,5.78,64, N 00.00.0000, E 000.00.0000,60, 21.11.04 13:15:07,2,,,,,38.67,5.77,357,397,465,529,632,743,891,1041,1198,1302,1383,1365,1356,1284,1242,1218,1203,1179,1183,1186,1180,1180,1174,1198,1223,1243,1252,1260,1343,1408,1452,1488,1523,1525,1536,1540,1574,1589,1590,1599,1614,1612,1612,1612,1614,1632,1648,1649,1649,1649,1651,1651,1653,1680,1673,1685,1729,1734,1724,1732,未,,490.0,55,1762,,,,,,,,,,,,
60.0,2,49,5.83,61, N 00.00.0000, E 000.00.0000,60, 21.11.04 13:08:30,2,,,,,50.67,5.73,441,483,522,593,805,1001,1181,1302,1376,1422,1417,1503,1485,1383,1272,1183,1131,1104,1200,1299,1316,1341,1341,1361,1348,1358,1383,1414,1417,1452,1536,1579,1595,1600,1600,1600,1600,1611,1656,1715,1762,1782,1794,1851,1905,1966,1993,2008,2015,2030,2042,2044,2044,2044,2045,2042,2040,2030,2076,2074,未,⑤センサー,490.0,55,2130,6月30日,淡色普通非アロフェン質黒ボク土,神馬,4,12月　　9日,284.0,0.177,3535.0,大台軸149-9,80.0,270.0,76.0
61.0,2,57,5.77,58, N 00.00.0000, E 000.00.0000,60, 21.11.04 12:57:51,2,,,,,77.0,5.86,529,529,529,475,445,495,504,549,734,965,1193,1405,1426,1425,1734,1739,1781,1522,1381,1302,1269,1200,1334,1457,1510,1498,1442,1407,1376,1328,1287,1272,1259,1240,1230,1228,1238,1294,1313,1314,1313,1313,1313,1314,1372,1410,1434,1459,1469,1503,1535,1564,1571,1571,1572,1574,1574,1587,1741,1540,未,①センサー,490.0,33,2367,,,,,,,,,,,,
62.0,2,32,5.61,55, N 00.00.0000, E 000.00.0000,60, 21.11.04 12:53:41,2,,,,,40.67,5.55,638,647,625,635,625,576,632,719,950,1088,1343,1372,1453,1483,1441,1292,1193,1164,1220,1205,1361,1410,1368,1277,1226,1208,1207,1221,1304,1343,1366,1390,1410,1425,1483,1569,1623,1646,1687,1749,1840,2214,2204,1378,1376,1324,1326,1336,1344,1324,1378,1341,1420,1479,1481,1479,1479,1479,1479,662,未,,490.0,46,2298,6月30日,淡色普通非アロフェン質黒ボク土,神馬,4,12月　　9日,256.0,0.192,1511.0,小台軸７,169.0,240.0,159.0
63.0,2,34,5.41,67, N 00.00.0000, E 000.00.0000,60, 21.11.04 13:30:30,2,,,,,55.67,5.48,650,709,711,731,771,871,1206,1584,1847,2029,2074,2045,1951,1889,1840,1778,1722,1677,1651,1616,1533,1493,1550,1604,1615,1624,1637,1637,1680,1672,1710,1715,1725,1742,1744,1739,1742,1759,1818,1813,1917,1926,1929,1929,1949,1998,2034,2061,2064,2084,2086,2062,2056,2052,2056,2069,2207,2241,2276,2340,未,青立ち？実があまりついていない,490.0,40,2492,7月9日,淡色普通非アロフェン質黒ボク土,神馬,4,12月　10日,64.0,0.194,4141.0,塙大槻野135,15.0,60.0,14.0
64.0,2,152,5.37,70, N 00.00.0000, E 000.00.0000,60, 21.11.04 13:45:01,2,,,,,134.67,5.44,232,232,251,288,313,335,365,436,681,1080,1321,1445,1463,1463,1441,1442,1439,1461,1511,1557,1589,1555,1572,1616,1673,1722,1764,1750,1769,1805,1887,1921,1936,1924,1912,1906,1926,1971,1996,2010,1902,1997,2096,2128,2120,2114,2101,2093,2093,1265,1265,1265,1265,1265,1292,1319,1346,1368,1368,1410,未,ぐじょぐじょ（水分量多い）,490.0,33,2312,,,,,,,,,,,,
65.0,2,63,5.2,B40,N 40.283958,E 140.068189,60,21.11.04 13:56:31,2,B,,1.0,30.0,59.0,5.27,300,357,409,437,484,684,942,1376,1655,1854,1810,1745,1677,1626,1531,1448,1418,1408,1414,1412,1393,1338,1344,1397,1434,1425,1396,1372,1356,1343,1310,1261,1245,1273,1325,1358,1426,1568,2155,1058,1222,1350,1412,1538,1582,1572,1633,1699,1583,1761,1505,1339,1409,1609,1661,1583,500,498,514,112,,,,33,3080,,,,,,,,,,,,
67.0,2,55,5.57,B31,N 40.283519,E 140.067160,60,21.11.04 13:43:50,2,B,,1.0,30.0,52.0,5.56,201,350,415,461,494,507,506,635,830,1294,1655,1739,1796,1773,1736,1711,1624,1484,1374,1304,1270,1288,1329,1340,1336,1356,1364,1376,1362,1409,1386,1388,1422,1435,1413,1373,1347,1421,1424,1427,1476,1553,1720,1860,1857,1819,1839,1854,1960,2016,2048,2042,2052,2094,2164,2214,2272,2247,2195,76,,,,41,2528,,,,,,,,,,,,
68.0,2,19,5.45,B43,N 40.283696,E 140.068289,60,21.11.04 14:04:49,2,B,,1.0,30.0,39.33,5.39,415,374,341,350,382,455,569,835,1221,1652,1808,1783,1713,1606,1506,1448,1431,1440,1389,1337,1414,1445,1421,1375,1390,1435,1457,1545,1637,1686,1696,1632,1603,1613,1618,1590,1547,1515,1514,1528,1533,1543,1524,1525,1578,1613,1637,1783,1812,1818,1854,1866,1862,1897,1959,2021,2083,2209,2271,92,,,,59,2271,6月30日,淡色普通非アロフェン質黒ボク土,神馬,4,12月　　9日,201.0,0.182,2076.0,大槻野212,97.0,190.0,92.0
69.0,2,42,5.64,B37,N 40.283718,E 140.067122,60,21.11.04 13:51:11,2,B,,1.0,30.0,50.33,5.61,332,375,382,413,485,587,874,1172,1296,1492,1473,1500,1570,1822,1862,2002,2113,1900,1796,1736,1718,1667,1679,1644,1630,1532,1552,1717,1700,1776,2130,2253,2434,2395,2056,2092,2001,2070,2116,2142,1944,1990,2166,2229,1381,1359,1373,1394,1446,1478,1553,1504,1600,1645,1665,1674,1681,1806,1986,64,,,,51,3257,,,,,,,,,,,,
70.0,2,46,5.31,B34,N 40.283534,E 140.067002,60,21.11.04 13:47:04,2,B,,1.0,30.0,48.0,5.33,378,400,422,409,396,382,449,547,898,1454,1687,1801,1703,1564,1467,1375,1340,1307,1300,1246,1209,1160,1131,1155,1201,1239,1228,1207,1206,1230,1180,1298,1349,1375,1379,1383,1394,1453,1505,1518,1595,1657,1709,1721,1773,1828,1895,1998,2017,2142,2136,2169,2308,2572,2789,1438,1459,1433,1450,64,,,,53,2855,,,,,,,,,,,,
71.0,2,62,5.9,B19,N 40.283046,E 140.066609,60,21.11.04 13:25:11,2,B,,1.0,30.0,74.67,5.81,208,236,256,296,341,415,476,591,708,833,980,1116,1248,1341,1415,1434,1508,1488,1467,1463,1424,1374,1304,1291,1306,1288,1280,1291,1318,1347,1416,1438,1482,1491,1517,1488,1476,1470,1482,1468,1454,1423,1425,1497,1540,1667,1712,1751,1797,1843,1935,2037,2009,1715,2198,2329,2164,2441,2282,70,,,,58,2525,,,,,,,,,,,,
73.0,2,38,5.61,B28,N 40.283104,E 140.067500,60,21.11.04 13:39:45,2,B,,1.0,30.0,40.67,5.79,235,336,417,478,537,617,736,920,1165,1410,1463,1427,1385,1342,1393,1334,1324,1335,1344,1302,1314,1300,1282,1295,1299,1324,1322,1324,1231,1076,1114,1152,1106,1092,1096,1104,1136,1148,1174,1178,1239,1306,1355,1412,1509,1575,1741,1734,1676,1658,1654,1710,1755,1795,1842,1849,1870,1886,1970,84,,,,49,2050,,,,,,,,,,,,
74.0,2,42,5.85,B22,N 40.282454,E 140.066738,60,21.11.04 13:28:24,2,B,,1.0,30.0,40.33,5.81,337,400,429,457,501,596,729,930,1173,1406,1554,1756,1912,1903,1918,1876,1828,1782,1649,1521,1452,1454,1484,1490,1432,1610,1593,1570,1599,1533,1576,1522,1482,1505,1553,1625,1642,1587,1582,1624,1670,1647,1596,1611,1619,1720,1805,1852,1941,1990,1902,2117,2200,2199,2256,2297,2332,2416,2507,79,,,,59,2530,,,,,,,,,,,,
75.0,2,61,6.05,B25,N 40.282479,E 140.067396,60,21.11.04 13:31:37,2,B,,1.0,30.0,48.33,6.14,197,234,264,287,327,377,472,644,916,1199,1429,1597,1687,1786,1972,1987,1907,1841,1767,1673,1593,1479,1521,1589,1646,1642,1608,1593,1610,1577,1512,1491,1483,1499,1500,1515,1594,1656,1709,1627,1687,1689,1675,1728,1766,1836,1862,1921,1839,1894,1960,1986,1975,2088,2128,2154,2149,2158,2216,69,,,,42,2373,6月30日,淡色普通非アロフェン質黒ボク土,神馬,4,12月　　9日,641.0,0.191,4328.0,塙大槻野33-1,148.0,610.0,141.0
76.0,2,49,5.73,B16,N 40.282156,E 140.066135,60,21.11.04 13:19:28,2,B,,1.0,30.0,51.67,5.68,92,113,141,158,172,191,223,279,359,598,1067,1506,1683,1699,1825,1903,2016,1849,2048,2081,2005,1974,1932,1873,1819,1745,1741,1746,1630,1601,1623,1434,1663,1792,1855,1899,1734,1690,1737,1749,1800,1873,1912,1958,2003,1997,1985,1991,2016,1967,1866,1866,1893,1917,1959,2033,2089,2118,2120,62,,,,41,2402,,,,,,,,,,,,
78.0,2,101,6.22,79, N 00.00.0000, E 000.00.0000,60, 21.11.04 14:17:20,2,,,,,110.67,6.12,598,642,648,692,871,1568,1700,1828,1889,1965,1990,2084,1272,1268,1240,1297,1332,1316,1322,1388,1452,1484,1494,1538,1520,1516,1496,1472,1449,1454,1454,1447,1418,1408,1380,1329,1317,1339,1360,1457,780,920,820,1049,232,232,232,232,232,232,232,232,232,232,232,232,232,232,232,232,未,,490.0,25,2600,,,,,,,,,,,,
79.0,2,106,6.03,85, N 00.00.0000, E 000.00.0000,60, 21.11.04 14:34:16,2,,,,,130.0,6.08,232,269,278,389,515,739,980,1572,1867,1988,2204,2261,2413,2453,2441,2415,2408,2355,2318,2310,2301,2320,2440,2419,2409,2409,2502,2502,857,857,857,829,722,736,856,859,845,943,962,987,1006,1006,1007,1006,1006,1006,1006,1002,995,984,968,968,965,968,968,968,968,968,970,1000,未,,490.0,21,2672,6月29日,グライ低地土,神馬,5,12月　　8日,497.0,0.2,3039.0,塙神祇林153・155,164.0,470.0,155.0
80.0,2,115,6.07,82, N 00.00.0000, E 000.00.0000,60, 21.11.04 14:28:48,2,,,,,109.33,6.07,652,689,689,714,787,1018,1329,1656,1749,1843,2052,2091,2148,2276,2069,1459,1459,1474,1508,1653,1806,1809,1686,1814,997,1011,947,840,840,904,1049,1049,1049,1049,1049,1049,1049,1049,1049,1049,1049,1049,1049,989,948,948,948,984,1011,1011,1012,1011,1012,1012,1012,1009,1007,1006,1007,1006,未,,490.0,18,2684,,,,,,,,,,,,
81.0,2,68,5.58,88, N 00.00.0000, E 000.00.0000,60, 21.11.04 14:38:12,2,,,,,102.0,5.54,733,819,849,871,980,1080,1232,1410,1653,1998,2182,2308,2517,2566,2590,1867,1831,1867,1836,1747,1693,876,886,1049,1002,1049,1049,1049,1049,1022,990,982,962,974,1049,1049,1019,980,1049,1049,1016,990,968,945,1049,232,232,232,232,232,232,232,232,232,232,232,232,232,232,232,未,,490.0,14,2684,6月29日,グライ低地土,神馬,5,12月　　8日,295.0,0.2,1670.0,塙神祇林151,177.0,280.0,168.0
82.0,2,66,6.04,91, N 00.00.0000, E 000.00.0000,60, 21.11.04 14:47:41,2,,,,,56.33,5.86,460,493,482,445,435,515,584,729,938,1307,1555,1469,1686,1712,1691,1651,1552,1601,1710,1656,1659,1642,1616,1621,1639,1653,1660,1660,1665,1667,1640,1623,1616,1629,1631,1626,1629,1671,1700,1757,1773,1773,1773,1776,1783,1786,1786,1788,1783,1828,1991,1986,2025,2057,2061,1250,1250,1252,1248,1245,未,,490.0,43,2148,,,,,,,,,,,,
83.0,2,52,5.84,76, N 00.00.0000, E 000.00.0000,60, 21.11.04 14:09:28,2,,,,,63.0,5.97,259,310,342,360,415,506,662,994,1311,1499,1570,1585,1619,1623,1617,1670,1676,1676,1692,1837,1840,1890,1931,2100,2189,2258,1533,716,716,716,716,716,716,716,716,716,736,738,749,771,771,771,781,795,808,808,808,808,808,808,808,808,808,797,781,754,731,714,706,701,未,,490.0,33,2443,,,,,,,,,,,,
84.0,2,72,5.67,73, N 00.00.0000, E 000.00.0000,60, 21.11.04 14:04:36,2,,,,,74.0,5.7,268,268,273,283,379,441,537,626,859,1223,1543,1740,1875,1885,1899,1946,1953,1953,1931,1936,1941,1936,1926,1907,1905,1889,1879,1882,1884,1855,1880,1885,1889,1872,1870,1874,1894,1894,1894,1894,1894,1902,1916,1917,1921,1928,1933,1933,1937,1947,1963,1983,1986,1954,1929,2114,1307,1312,1322,1324,未,,490.0,44,2254,6月29日,グライ低地土,神馬,5,12月　　7日,411.0,0.196,2956.0,塙神祇林142・143,139.0,390.0,132.0
85.0,2,44,5.83,94, N 00.00.0000, E 000.00.0000,60, 21.11.04 15:00:32,2,,,,,55.33,5.81,232,232,232,232,237,285,357,483,628,869,1146,1236,1370,1444,1513,1618,1660,1700,1705,1688,1685,1629,1569,1515,1577,1572,1540,1530,1526,1520,1511,1500,1493,1484,1493,1452,1414,1378,1350,1328,1338,1402,1498,1533,1548,1523,1486,1462,1412,1392,1459,1525,1599,1606,1712,1764,1788,1865,1870,1847,未,,490.0,45,1948,,,,,,,,,,,,
86.0,2,52,5.54,97, N 00.00.0000, E 000.00.0000,60, 21.11.04 15:04:07,2,,,,,54.0,5.52,235,249,249,249,256,322,492,891,1326,1674,1894,1975,1966,1951,1975,1976,1911,1884,1848,1761,1739,1717,1692,1663,1599,1629,1641,1597,1552,1520,1515,1501,1503,1535,1537,1550,1550,1545,1542,1528,1522,1535,1676,1309,667,667,667,665,665,665,665,667,667,677,706,711,857,1039,1044,1048,未,,490.0,40,2362,,,,,,,,,,,,
87.0,2,77,5.82,100, N 00.00.0000, E 000.00.0000,60, 21.11.04 15:07:48,2,,,,,58.0,5.9,283,317,365,370,445,482,623,773,1100,1307,1511,1759,1857,1965,1927,1953,1981,2012,1992,1980,1946,1933,1901,1846,1831,1826,1808,1772,1835,1867,1885,1885,1858,1830,1828,1847,1862,1885,1902,1904,1896,1904,1872,1864,1855,1853,1858,1847,1810,1803,1830,1815,1786,1734,1709,1751,1829,1243,1455,722,未,,490.0,24,2222,,,,,,,,,,,,
88.0,2,81,5.91,103, N 00.00.0000, E 000.00.0000,60, 21.11.04 15:11:31,2,,,,,60.0,6.03,269,269,269,288,293,323,436,681,1070,1424,1580,1624,1634,1607,1631,1600,1558,1513,1494,1466,1459,1461,1442,1405,1408,1407,1558,1536,1496,1425,1417,1422,1442,1467,1373,1289,1230,1272,1307,1318,1387,1447,1520,1552,1523,1508,1507,1508,1540,1629,1663,1668,1734,1794,1793,1811,1767,1776,1769,1798,未,,490.0,46,1966,,,,,,,,,,,,
89.0,2,92,6.05,106, N 00.00.0000, E 000.00.0000,60, 21.11.04 15:15:40,2,,,,,104.33,6.12,399,435,463,526,653,854,989,1127,1216,1343,1575,1643,1732,1757,1756,1744,1735,1737,1771,1855,1894,1950,1936,1902,1855,1820,1836,1922,1973,1978,1983,1987,1949,1932,1924,1878,1868,1855,1845,1806,1801,1787,1745,1729,1701,1666,1651,1628,1653,1653,1653,1658,1688,1766,1880,1900,1909,1909,1909,1910,未,,490.0,26,2236,,,,,,,,,,,,
90.0,2,46,5.66,B46,N 40.271787,E 140.068847,60,21.11.04 14:24:09,2,B,,1.0,30.0,43.33,5.67,251,300,283,294,348,477,641,888,1202,1410,1558,1644,1712,1733,1751,1741,1731,1702,1666,1648,1630,1627,1614,1617,1674,1748,1792,1739,1750,1851,1944,1976,2003,2067,2112,2101,2230,2285,2327,2296,2283,2208,2241,2264,2268,2242,2221,2210,2259,2297,2267,2366,2408,2544,2560,2607,2639,2661,2576,72,,,,52,2689,,,,,,,,,,,,
91.0,2,38,5.62,B49,N 40.272247,E 140.069500,60,21.11.04 14:30:11,2,B,,1.0,30.0,46.0,5.57,373,433,480,506,569,592,640,727,907,1142,1503,1761,1880,1933,1931,1910,1864,1874,1873,1841,1810,1774,1759,1774,1854,1882,1921,1955,1985,2011,2000,1966,1951,1955,1935,1907,1914,1963,2034,2018,2193,2240,2280,2292,2277,2264,2282,2283,2318,2355,2387,2383,2394,2428,2527,2600,2634,1705,1316,77,,,,48,2839,,,,,,,,,,,,
92.0,2,36,5.51,B52,N 40.273370,E 140.069894,60,21.11.04 14:36:22,2,B,,1.0,30.0,39.67,5.51,332,343,379,489,493,553,634,804,1082,1300,1520,1528,1550,1558,1538,1569,1577,1724,1874,1924,1979,2007,2049,2095,2130,2131,2054,2184,2255,2271,2248,2244,2236,2247,2291,2331,2341,2291,2258,2212,2153,2076,2130,2150,2152,2173,2147,2134,2138,2159,2121,2059,1983,1990,2032,2092,2158,2204,2203,72,,,,32,2515,,,,,,,,,,,,
93.0,2,50,5.85,B67,N 40.271648,E 140.073457,60,21.11.04 15:12:19,2,B,,1.0,30.0,37.33,5.72,227,386,385,364,367,297,307,450,725,987,1211,1252,1297,1284,1299,1286,1289,1303,1325,1375,1747,1069,1084,1073,1062,1033,1030,1037,1021,1082,1091,1170,1367,1491,1883,747,770,824,829,801,772,718,670,650,635,633,612,664,725,801,834,842,862,888,1075,73,73,73,73,73,,,,37,2969,6月29日,淡色普通非アロフェン質黒ボク土,神馬,6,12月　　7日,647.0,0.219,5313.0,小手萩若狭台114～120,122.0,590.0,111.0
96.0,2,39,5.72,B64,N 40.271612,E 140.077056,60,21.11.04 15:04:15,2,B,,1.0,30.0,35.67,5.76,339,338,330,278,274,311,426,742,1037,1360,1593,1532,1653,1603,1625,1578,1635,1688,1860,1890,1967,1940,1922,1859,1886,1855,1847,1845,1798,1715,1580,1633,1671,1851,1863,1828,1863,1847,1890,1924,1903,1870,1862,1877,1906,1975,2066,2063,2055,2110,2038,2188,2363,2458,2367,1443,1614,1901,924,70,,,,57,2898,,,,,,,,,,,,
97.0,2,43,5.55,B61,N 40.271924,E 140.077079,60,21.11.04 15:00:31,2,B,,1.0,30.0,42.67,5.66,429,388,368,389,391,436,566,807,1206,1586,1978,1978,1903,1917,1919,1929,1916,1841,1897,1873,1826,1773,1751,1745,1736,1776,1709,1697,1778,1814,1897,1884,1887,1884,1863,1862,1830,1789,1723,1700,1680,1698,1744,1731,1844,1934,2001,2114,2126,2183,2250,2288,2242,2270,2271,2284,2261,2330,2310,123,,,,35,2549,,,,,,,,,,,,
98.0,2,45,5.82,B58,N 40.272466,E 140.077012,60,21.11.04 14:57:10,2,B,,1.0,30.0,31.67,5.89,305,324,331,388,491,655,853,972,1282,1542,1828,2446,2749,2139,2539,2099,2011,1702,1646,1548,1609,1730,1632,2147,793,791,863,1005,962,923,888,73,73,73,73,73,73,73,73,73,73,73,73,73,73,73,73,73,73,73,73,73,73,73,73,73,73,73,73,73,,,,17,3643,,,,,,,,,,,,
99.0,2,41,5.85,B55,N 40.273052,E 140.077557,60,21.11.04 14:51:08,2,B,,1.0,30.0,39.67,5.77,244,287,301,331,343,466,634,746,876,1035,1179,1232,1354,1425,1550,1674,1832,1920,1850,1825,1755,1658,1589,1483,1410,1385,1368,1408,1420,1436,1494,1623,1629,1589,1550,1608,1554,1553,1443,1591,1307,836,850,835,838,842,889,893,878,877,865,883,952,967,1082,1080,1048,1076,1146,66,,,,34,2079,6月29日,淡色普通非アロフェン質黒ボク土,神馬,6,12月　　7日,535.0,0.208,3817.0,小手萩若狭台5-1+,140.0,500.0,131.0
100.0,2,70,6.17,B70,N 40.278140,E 140.077256,60,21.11.04 15:25:56,2,B,,1.0,30.0,70.33,6.13,432,523,621,722,830,985,1155,1324,1401,1448,1552,1930,1958,2160,2099,1876,1647,1578,1815,1875,1653,1642,1659,1690,1768,2019,2002,2043,2042,1998,2003,1945,1841,1845,1823,1812,1868,1802,1717,1669,1659,1623,1608,1660,1640,1664,1676,1681,1632,1658,1689,1600,1581,1574,1661,1733,1749,1817,1876,93,,,,31,2573,,,,,,,,,,,,
101.0,2,35,6.22,B73,N 40.278539,E 140.077671,60,21.11.04 15:29:46,2,B,,1.0,30.0,40.67,6.09,287,243,331,399,553,666,862,1165,1434,1638,1591,1558,1478,1461,1495,1624,1723,1794,1884,1874,1842,1933,1922,1863,1787,1753,1714,1715,1718,1811,1810,1850,1791,1741,1718,1722,1675,1708,1681,1670,1639,1652,1727,1749,1712,1722,1696,1663,1716,1762,1839,1949,1986,1949,1953,2063,2178,2278,2358,81,,,,50,2380,,,,,,,,,,,,
102.0,2,25,5.54,B76,N 40.278719,E 140.077952,60,21.11.04 15:32:57,2,B,,1.0,30.0,36.33,5.73,313,305,306,305,310,327,345,455,686,1058,1439,1525,1528,1560,1662,1745,1848,1885,1928,1808,1790,1723,1810,1887,1982,1969,1965,1974,1943,1946,2034,2407,2199,2470,2435,2160,1981,1925,1973,1829,2008,2042,2054,1958,2006,1965,1905,1862,1887,1746,2021,1918,1880,1823,1760,1708,1644,1536,1579,85,,,,37,2833,6月26日,グライ低地土,佐々木,6・7,11月　  17日,499.0,0.179,2899.0,豊後長根215,172.0,480.0,166.0
103.0,2,37,6.17,B79,N 40.279831,E 140.077276,60,21.11.04 15:37:44,2,B,,1.0,30.0,39.67,6.14,210,372,452,546,677,787,856,1006,1078,1203,1338,1414,1513,1539,1611,1564,1565,1580,1649,1650,1642,1625,1574,1514,1468,1422,1439,1467,1548,1654,1681,1754,1848,2009,2107,2057,1998,2043,2018,2064,2102,2164,2151,2184,2195,2088,2108,2128,2096,2046,2020,2040,2124,2140,2079,2049,2053,2056,2041,75,,,,52,2289,6月26日,グライ低地土,佐々木,6・7,11月　  17日,575.0,0.19,2921.0,豊後長根225,197.0,550.0,188.0
104.0,2,35,5.67,B94,N 40.280649,E 140.079864,60,21.11.04 16:15:17,2,B,,1.0,30.0,26.0,5.82,356,361,386,388,387,382,439,770,1290,2084,2237,2122,1847,1752,1593,1466,1400,1359,1398,1438,1432,1429,1505,1559,1657,1841,1804,1737,1664,1707,1727,1748,1743,1664,1688,1647,1634,1553,1556,1610,1621,1639,1561,1541,1484,1468,1513,1608,1699,1738,1661,1621,1644,1664,1672,1701,1792,1914,1784,93,,,,31,2517,,,,,,,,,,,,
105.0,2,37,6.0,B91,N 40.280801,E 140.080161,60,21.11.04 16:11:54,2,B,,1.0,30.0,35.67,6.0,273,349,388,399,397,404,511,752,1040,1342,1604,1700,1720,1740,1850,1832,1825,1809,1773,1776,1817,1836,1894,1896,1928,1872,1802,1784,1765,1709,1623,1564,1592,1581,1530,1520,1526,1551,1566,1558,1563,1621,1641,1699,1701,1716,1744,1757,1725,1721,1793,1740,1872,1922,1960,1975,2017,2016,2094,129,,,,32,2188,,,,,,,,,,,,
107.0,2,42,5.83,B100,N 40.283069,E 140.081257,60,21.11.04 16:26:07,2,B,,1.0,30.0,34.67,5.81,223,264,341,349,346,342,346,422,613,902,1222,1478,1561,1569,1666,1765,1703,1613,1691,1705,1663,1561,1491,1551,1674,1640,1720,1706,1705,1712,1780,1903,1965,2036,2029,1994,1970,1992,2046,2068,2196,2287,2282,2314,2356,2368,2312,1917,2329,2656,1556,1545,1552,1549,1568,1615,1608,1538,1742,139,,,,49,2993,,,,,,,,,,,,
108.0,2,29,5.92,B97,N 40.282951,E 140.081316,60,21.11.04 16:22:49,2,B,,1.0,30.0,34.33,5.84,307,328,346,355,342,338,336,433,705,1184,1524,1873,1679,1727,1940,2085,2123,1805,1722,1727,1737,1661,1548,1503,1497,1501,1491,1571,1618,1692,1649,1540,1617,1617,1616,1642,1675,1729,1859,1972,1986,1964,1984,1934,1866,1901,1854,1905,2010,2014,2119,2187,2177,2170,2142,2087,2046,2027,2074,67,,,,36,2519,,,,,,,,,,,,
109.0,2,44,5.61,C3,N 40.283425,E 140.082647,60,21.11.04 16:31:01,2,C,,1.0,30.0,38.0,5.62,222,241,238,226,236,235,306,561,902,1074,1181,1192,1198,1243,1264,1326,1386,1436,1538,1667,1752,1663,1928,2136,2349,2332,2487,1473,1447,1473,1359,1315,1307,1224,1451,1501,1640,1699,1528,540,487,428,375,325,268,219,222,269,310,356,406,464,495,527,537,531,505,527,536,94,,,,30,3211,6月27日,淡色普通非アロフェン質黒ボク土,佐々木,7,11月　  18日,523.0,0.168,2846.0,上才神168～170,184.0,510.0,179.0
110.0,2,79,5.87,133, N 00.00.0000, E 000.00.0000,60, 21.11.04 16:22:07,2,,,,,126.33,5.97,232,232,232,232,232,271,409,576,734,729,839,904,940,962,984,1002,1027,1049,1070,1070,1082,1080,1080,1080,1033,986,965,930,896,869,846,915,962,1009,1346,562,606,618,635,655,677,695,721,743,746,746,746,746,746,751,751,763,783,795,798,798,795,798,798,798,未,,490.0,33,1712,,,,,,,,,,,,
111.0,2,58,5.71,136, N 00.00.0000, E 000.00.0000,60, 21.11.04 16:27:36,2,,,,,58.33,5.8,232,232,232,232,232,283,418,569,734,970,1237,1360,1481,1591,1626,1641,1646,1624,1627,1602,1902,1050,1002,992,994,1014,1245,1152,1103,1083,1105,1142,1223,1232,1233,1233,1248,1297,1301,1299,1432,1683,1643,1616,1587,739,706,704,704,702,694,694,694,694,695,694,694,695,695,694,未,,490.0,30,2593,,,,,,,,,,,,
112.0,2,43,6.43,130, N 00.00.0000, E 000.00.0000,60, 21.11.04 16:15:39,2,,,,,41.33,6.38,274,291,332,374,460,517,775,1120,1530,1678,1784,1911,2378,2684,1049,1049,1049,1049,1049,1049,869,999,985,911,906,911,911,901,867,827,719,672,663,663,663,637,640,665,690,701,701,701,701,701,701,701,689,677,675,674,652,638,631,623,623,621,621,621,621,630,未,,490.0,13,2684,6月27日,淡色普通非アロフェン質黒ボク土,佐々木,7,11月　  20日,537.0,0.209,2764.0,上才神146,194.0,500.0,181.0
113.0,2,40,6.68,B82,N 40.286828,E 140.085102,60,21.11.04 15:53:25,2,B,,1.0,30.0,54.33,6.61,153,192,212,245,356,477,634,763,999,1191,1450,1590,1628,1671,1702,1653,1653,1650,1635,1667,1734,1819,1886,1845,1727,1723,1624,1957,1747,1712,1757,1762,919,528,449,459,461,466,469,457,461,487,477,462,426,427,462,524,599,881,1026,924,918,857,832,790,713,694,673,76,,,,34,2822,,,,,,,,,,,,
114.0,2,58,6.17,B85,N 40.286693,E 140.085381,60,21.11.04 15:56:22,2,B,,1.0,30.0,50.67,6.19,211,239,241,260,278,344,458,564,653,695,878,1008,1150,1162,1106,1104,1182,1176,1209,1299,1337,1279,1182,1087,1066,1052,1075,1029,992,1007,972,937,963,1041,1114,1181,1177,1113,663,809,837,916,916,887,908,899,952,981,1006,978,980,949,955,987,1011,477,471,531,640,62,,,,50,1760,6月27日,淡色普通非アロフェン質黒ボク土,佐々木,7,11月　  21日,575.0,0.197,2935.0,才門四郎台161,196.0,540.0,184.0
115.0,2,46,6.15,109, N 00.00.0000, E 000.00.0000,60, 21.11.04 15:39:27,2,,,,,38.0,6.32,391,482,482,494,512,512,512,558,817,1105,1441,1656,1752,1769,1773,1769,1843,1961,2096,2098,2305,2307,1489,679,722,729,851,232,232,232,232,232,232,232,232,232,232,232,232,232,232,232,232,232,232,232,232,232,232,232,232,232,232,232,232,232,232,232,232,232,未,,490.0,22,2485,,,,,,,,,,,,
116.0,2,42,5.84,B88,N 40.280980,E 140.080454,60,21.11.04 16:08:23,2,B,,1.0,30.0,38.33,6.06,234,305,316,320,346,392,457,566,671,844,977,1152,1211,1192,1186,1388,1519,1711,1684,1829,1734,1616,1585,1487,1470,1400,1311,1301,1254,1285,1386,1567,1639,1583,1588,1559,1562,1552,1589,1634,1641,1643,1673,1749,1783,1850,1873,1743,1796,1752,1784,1788,1719,1728,1749,1924,1964,1929,1925,62,,,,38,2474,,,,,,,,,,,,
116.0,2,31,6.12,112, N 00.00.0000, E 000.00.0000,60, 21.11.04 15:42:52,2,,,,,41.67,6.23,234,293,342,350,359,401,524,804,901,1262,1518,1617,1636,1639,1599,1592,1557,1488,1346,1228,1168,1154,1122,1028,1156,1173,1154,1230,1242,1252,1260,1350,1350,1350,1324,1287,1262,1222,1158,1088,1087,1560,721,721,895,1162,1201,1188,1236,1236,1218,763,370,352,347,347,365,394,392,392,未,,490.0,38,2474,,,,,,,,,,,,
117.0,2,29,5.82,115, N 00.00.0000, E 000.00.0000,60, 21.11.04 15:46:27,2,,,,,34.0,5.83,362,375,375,372,411,494,689,869,1225,1456,1728,1899,1899,1877,1885,1900,1907,1907,2185,2210,1402,1414,1417,1417,1381,1363,1356,1377,1489,1627,1696,1737,1744,1744,1744,1744,1742,1737,918,856,781,753,724,753,729,722,722,722,736,753,783,835,835,837,837,856,856,874,886,886,未,,490.0,28,2561,,,,,,,,,,,,
118.0,2,25,5.5,118, N 00.00.0000, E 000.00.0000,60, 21.11.04 15:50:32,2,,,,,27.67,5.46,232,237,239,239,239,239,382,608,884,1404,1560,1673,1683,1737,1739,1816,1835,1958,2104,2153,2174,2248,2339,2350,1531,1504,1479,1477,1452,1435,1434,1434,1432,1459,1531,903,872,827,778,775,775,775,741,692,690,689,658,611,579,578,578,578,578,578,578,615,628,628,675,687,未,,490.0,26,2448,,,,,,,,,,,,
119.0,2,38,5.55,121, N 00.00.0000, E 000.00.0000,60, 21.11.04 15:53:36,2,,,,,44.0,5.7,365,376,376,440,463,516,573,674,854,1186,1441,1791,1995,2057,2091,2136,2125,2056,2011,2081,2249,2254,2244,1371,1358,1319,1267,1265,1238,1250,1366,1350,1329,1370,1442,938,909,899,899,864,822,800,793,795,795,793,792,741,731,731,778,830,813,859,857,874,896,908,920,920,未,,490.0,18,2462,,,,,,,,,,,,
120.0,2,46,6.08,124, N 00.00.0000, E 000.00.0000,60, 21.11.04 15:57:16,2,,,,,55.0,6.06,670,652,630,682,598,733,749,991,1435,1678,1936,2022,2086,1921,1685,1550,1540,1508,1484,1619,1750,1747,1767,1911,1958,1970,1976,1885,1855,1808,1859,1870,1852,1852,1835,1835,1835,1823,1787,1833,1963,1226,1231,1231,1231,1270,1361,1528,1567,1683,1683,1794,982,980,955,894,894,894,894,876,未,,490.0,39,2617,,,,,,,,,,,,
121.0,2,53,5.78,127, N 00.00.0000, E 000.00.0000,60, 21.11.04 16:01:23,2,,,,,44.67,5.76,310,345,354,359,401,657,1006,1227,1392,1422,1461,1444,1430,1420,1403,1375,1415,1464,1481,1558,1578,1597,1624,1629,1633,1617,1614,1644,1599,1592,1624,1626,1634,1636,1666,1680,1744,1745,1749,1746,1732,1734,1902,1882,1874,1874,1867,1862,1862,1939,1714,1200,1228,1228,1228,1248,1277,1391,1440,1498,未,,490.0,57,2236,,,,,,,,,,,,
