,system:index.4,VV.4,SM(%)_pred.4,geometry,pred_labels
0,20210902T083446,-5.619058928,45.47332181,"{""type"":""Point"",""coordinates"":[140.0653974330111,40.272531661019556]}",3
1,20210902T083446,-6.393826195,43.3145219,"{""type"":""Point"",""coordinates"":[140.07740416505845,40.27351380805896]}",1
2,20210902T083446,-10.1993175,32.71095792,"{""type"":""Point"",""coordinates"":[140.0773307937425,40.27381286634717]}",0
3,20210902T083446,-6.241303336,43.73950931,"{""type"":""Point"",""coordinates"":[140.063518276908,40.28125940510503]}",1
4,20210902T083446,-9.649289809,34.24354683,"{""type"":""Point"",""coordinates"":[140.0893697982873,40.281473223748]}",0
5,20210902T083446,-6.543228837,42.89822862,"{""type"":""Point"",""coordinates"":[140.06340519389784,40.28145089289267]}",1
6,20210902T083446,-7.636018436,39.85329604,"{""type"":""Point"",""coordinates"":[140.06271927272337,40.281710097950395]}",2
7,20210902T083446,-8.538405306,37.33889878,"{""type"":""Point"",""coordinates"":[140.06324348668858,40.281811943640776]}",2
8,20210902T083446,-1.015487689,58.30064378,"{""type"":""Point"",""coordinates"":[140.06264054882655,40.28195993293577]}",3
9,20210902T083446,-9.447134784,34.80682857,"{""type"":""Point"",""coordinates"":[140.06390550994587,40.28211588509264]}",0
10,20210902T083446,-10.65498035,31.44130577,"{""type"":""Point"",""coordinates"":[140.063193442437,40.282106676908164]}",0
11,20210902T083446,-8.836640354,36.50790111,"{""type"":""Point"",""coordinates"":[140.06382140905797,40.28232544879683]}",2
12,20210902T083446,-6.585201227,42.78127738,"{""type"":""Point"",""coordinates"":[140.0877852524983,40.282772941401284]}",1
13,20210902T083446,-9.374094036,35.01034822,"{""type"":""Point"",""coordinates"":[140.08753214364035,40.28296355052932]}",2
14,20210902T083446,-7.624662501,39.88493805,"{""type"":""Point"",""coordinates"":[140.06851282024797,40.28405095150104]}",2
15,20210902T083446,-9.806523635,33.80543286,"{""type"":""Point"",""coordinates"":[140.06826150234377,40.28770185211876]}",0
16,20210902T083446,-8.799044405,36.6126579,"{""type"":""Point"",""coordinates"":[140.06597806779078,40.28880440464347]}",2
17,20210902T083446,-8.565906225,37.26227063,"{""type"":""Point"",""coordinates"":[140.0661571635691,40.28897100815324]}",2
18,20210902T083446,-7.194786236,41.08273884,"{""type"":""Point"",""coordinates"":[140.06856079850246,40.28963517251312]}",1
19,20210902T083446,-8.170473014,38.36409981,"{""type"":""Point"",""coordinates"":[140.07048297095852,40.29054647249877]}",2
20,20210902T083446,-7.067759466,41.43668433,"{""type"":""Point"",""coordinates"":[140.0706487484661,40.29086051423267]}",1
21,20210902T083446,-5.822431088,44.90664867,"{""type"":""Point"",""coordinates"":[140.05766306284605,40.29098877584343]}",1
22,20210902T083446,-13.23619559,24.24904629,"{""type"":""Point"",""coordinates"":[140.07176110824426,40.29110478861378]}",4
23,20210902T083446,-9.409496224,34.91170409,"{""type"":""Point"",""coordinates"":[140.07066209075543,40.291231670021546]}",2
24,20210902T083446,-12.01852915,27.64193381,"{""type"":""Point"",""coordinates"":[140.05823286803366,40.291193775875065]}",4
25,20210902T083446,-8.044310822,38.71563625,"{""type"":""Point"",""coordinates"":[140.05713433730804,40.29127582500727]}",2
26,20210902T083446,-7.531658534,40.14408291,"{""type"":""Point"",""coordinates"":[140.0698605978513,40.291378387486866]}",1
27,20210902T083446,-10.43306101,32.05965851,"{""type"":""Point"",""coordinates"":[140.07082359044563,40.291407091683205]}",0
28,20210902T083446,-6.539311881,42.90914277,"{""type"":""Point"",""coordinates"":[140.05792674731111,40.29141525935378]}",1
29,20210902T083446,-8.745569514,36.76165953,"{""type"":""Point"",""coordinates"":[140.07210047345586,40.29155856236646]}",2
30,20210902T083446,-7.296098618,40.80044353,"{""type"":""Point"",""coordinates"":[140.06998706866074,40.291553579148776]}",1
31,20210902T083446,-5.380478391,46.13809905,"{""type"":""Point"",""coordinates"":[140.05671662858833,40.29155467560079]}",3
32,20210902T083446,-8.158467212,38.3975526,"{""type"":""Point"",""coordinates"":[140.07044695228308,40.29167285058022]}",2
33,20210902T083446,-6.644146029,42.61703446,"{""type"":""Point"",""coordinates"":[140.07096551773668,40.29176568269996]}",1
34,20210902T083446,-8.565343892,37.26383751,"{""type"":""Point"",""coordinates"":[140.07008218812686,40.29192080378088]}",2
35,20210902T083446,-8.105185658,38.54601552,"{""type"":""Point"",""coordinates"":[140.07069345772715,40.29207683840058]}",2
36,20210902T083446,-7.648909957,39.8173753,"{""type"":""Point"",""coordinates"":[140.073505525127,40.29225628576114]}",2
37,20210902T083446,-8.874440255,36.40257603,"{""type"":""Point"",""coordinates"":[140.05673522488223,40.292480234015464]}",2
38,20210902T083446,-8.473013513,37.52110549,"{""type"":""Point"",""coordinates"":[140.07330901740846,40.29259923864767]}",2
39,20210902T083446,-7.918888481,39.06511118,"{""type"":""Point"",""coordinates"":[140.0587834158015,40.29257443671406]}",2
40,20210902T083446,-8.899704326,36.3321806,"{""type"":""Point"",""coordinates"":[140.05723416614833,40.29275629434005]}",2
41,20210902T083446,-7.933901528,39.02327905,"{""type"":""Point"",""coordinates"":[140.07331170014945,40.29288091011804]}",2
42,20210902T083446,-8.939838698,36.22035079,"{""type"":""Point"",""coordinates"":[140.0725753634958,40.29294313110148]}",2
43,20210902T083446,-10.85888667,30.87314425,"{""type"":""Point"",""coordinates"":[140.07220395960542,40.29326257840828]}",0
44,20210902T083446,-14.25206525,21.41844227,"{""type"":""Point"",""coordinates"":[140.07315505374254,40.29331353845914]}",4
45,20210902T083446,-10.21049471,32.6798139,"{""type"":""Point"",""coordinates"":[140.07212017087156,40.293445325661104]}",0
46,20210902T083446,-7.172128475,41.14587208,"{""type"":""Point"",""coordinates"":[140.07288354861447,40.29357552523658]}",1
47,20210902T083446,-7.734441333,39.57905196,"{""type"":""Point"",""coordinates"":[140.0719824345312,40.29375289730832]}",2
48,20210902T083446,-7.84067139,39.28305412,"{""type"":""Point"",""coordinates"":[140.05669242194,40.29366915099304]}",2
49,20210902T083446,-9.201099859,35.4923766,"{""type"":""Point"",""coordinates"":[140.07273438994216,40.29386066922719]}",2
50,20210902T083446,-8.66406492,36.98876271,"{""type"":""Point"",""coordinates"":[140.08728767044485,40.29404931436695]}",2
51,20210902T083446,-10.04590028,33.13843735,"{""type"":""Point"",""coordinates"":[140.07131901923725,40.294079361095314]}",0
52,20210902T083446,-9.952267709,33.39933375,"{""type"":""Point"",""coordinates"":[140.07185526908506,40.29415889363124]}",0
53,20210902T083446,-7.298214792,40.79454706,"{""type"":""Point"",""coordinates"":[140.07267773702935,40.29422689374722]}",1
54,20210902T083446,-13.01181999,24.8742431,"{""type"":""Point"",""coordinates"":[140.07062660813355,40.294387747116744]}",4
55,20210902T083446,-7.242388219,40.95010138,"{""type"":""Point"",""coordinates"":[140.07121006665855,40.29442288691052]}",1
56,20210902T083446,-11.57362721,28.88160191,"{""type"":""Point"",""coordinates"":[140.07182221453405,40.2945029195462]}",0
57,20210902T083446,-7.565622415,40.04944646,"{""type"":""Point"",""coordinates"":[140.07229394811654,40.29460884954935]}",1
58,20210902T083446,-5.332955262,46.27051679,"{""type"":""Point"",""coordinates"":[140.08697651509996,40.294735794845174]}",3
59,20210902T083446,-6.106820254,44.11423096,"{""type"":""Point"",""coordinates"":[140.07255037425452,40.29465077229029]}",1
60,20210902T083446,-9.108403163,35.75066529,"{""type"":""Point"",""coordinates"":[140.07282441534343,40.294683868866535]}",2
61,20210902T083446,-7.241376262,40.95292109,"{""type"":""Point"",""coordinates"":[140.07073356183636,40.29474163698921]}",1
62,20210902T083446,-9.036783074,35.95022643,"{""type"":""Point"",""coordinates"":[140.0736167487858,40.29483660742298]}",2
63,20210902T083446,-9.891590044,33.56840509,"{""type"":""Point"",""coordinates"":[140.07159670175594,40.29482779565925]}",0
64,20210902T083446,-8.637029489,37.06409383,"{""type"":""Point"",""coordinates"":[140.07329479944397,40.29491049466967]}",2
65,20210902T083446,-6.557834275,42.85753224,"{""type"":""Point"",""coordinates"":[140.07098767643214,40.29498919987725]}",1
66,20210902T083446,-4.330917996,49.06257842,"{""type"":""Point"",""coordinates"":[140.0584999959368,40.294897299130916]}",3
67,20210902T083446,-4.135439809,49.60725591,"{""type"":""Point"",""coordinates"":[140.07681390906612,40.29504979756489]}",3
68,20210902T083446,-12.4549987,26.42576159,"{""type"":""Point"",""coordinates"":[140.07634670618228,40.29506015368459]}",4
69,20210902T083446,-8.345285367,37.87700529,"{""type"":""Point"",""coordinates"":[140.07255728757607,40.29507553370336]}",2
70,20210902T083446,-5.030983677,47.11192589,"{""type"":""Point"",""coordinates"":[140.0721834947348,40.29508648721036]}",3
71,20210902T083446,-9.647232333,34.24927976,"{""type"":""Point"",""coordinates"":[140.071645028506,40.295203652128095]}",0
72,20210902T083446,-6.245097531,43.72893722,"{""type"":""Point"",""coordinates"":[140.0710654922425,40.29533842671732]}",1
73,20210902T083446,-7.328287907,40.71075178,"{""type"":""Point"",""coordinates"":[140.07133399844523,40.29534466619632]}",1
74,20210902T083446,-7.261466734,40.8969413,"{""type"":""Point"",""coordinates"":[140.0726528266772,40.2954069932594]}",1
75,20210902T083446,-11.37301518,29.44058428,"{""type"":""Point"",""coordinates"":[140.07672179910622,40.295456028438444]}",0
76,20210902T083446,-7.460717073,40.34175314,"{""type"":""Point"",""coordinates"":[140.07226675375955,40.2954715146136]}",1
77,20210902T083446,-8.648070914,37.03332817,"{""type"":""Point"",""coordinates"":[140.07185742769022,40.29552694024362]}",2
78,20210902T083446,-7.54863285,40.09678593,"{""type"":""Point"",""coordinates"":[140.07222886551517,40.295726094904225]}",1
79,20210902T083446,-6.871216863,41.98432769,"{""type"":""Point"",""coordinates"":[140.05860700678411,40.29575191783268]}",1
80,20210902T083446,-11.06840765,30.28933814,"{""type"":""Point"",""coordinates"":[140.0766520435834,40.29595181929945]}",0
81,20210902T083446,-11.60344187,28.79852679,"{""type"":""Point"",""coordinates"":[140.0722374822515,40.29599886388891]}",0
82,20210902T083446,-6.574942002,42.80986353,"{""type"":""Point"",""coordinates"":[140.05770613483665,40.29590235592939]}",1
83,20210902T083446,-6.320446248,43.51898669,"{""type"":""Point"",""coordinates"":[140.05744326186013,40.29591400535795]}",1
84,20210902T083446,-7.907168613,39.09776725,"{""type"":""Point"",""coordinates"":[140.0767653680373,40.2962610383172]}",2
85,20210902T083446,-4.354324315,48.9973594,"{""type"":""Point"",""coordinates"":[140.07115459489074,40.29624209379516]}",3
86,20210902T083446,-5.479254503,45.86287077,"{""type"":""Point"",""coordinates"":[140.07050654802356,40.2962378226947]}",3
87,20210902T083446,-8.236778391,38.1793475,"{""type"":""Point"",""coordinates"":[140.0715981521298,40.29625842714645]}",2
88,20210902T083446,-9.315162801,35.17455333,"{""type"":""Point"",""coordinates"":[140.07235547135556,40.29641094379945]}",2
89,20210902T083446,-12.57755485,26.08427296,"{""type"":""Point"",""coordinates"":[140.06006773583147,40.296682652557465]}",4
90,20210902T083446,-5.910830072,44.66033507,"{""type"":""Point"",""coordinates"":[140.0593585491108,40.29691932761806]}",1
91,20210902T083446,-9.671806296,34.18080723,"{""type"":""Point"",""coordinates"":[140.05900225956003,40.29693035559018]}",0
92,20210902T083446,-8.513319941,37.40879627,"{""type"":""Point"",""coordinates"":[140.071530983319,40.29704035610411]}",2
93,20210902T083446,-13.65833058,23.07281567,"{""type"":""Point"",""coordinates"":[140.07736069035693,40.29732895492475]}",4
94,20210902T083446,-5.291136841,46.38703901,"{""type"":""Point"",""coordinates"":[140.0764551955618,40.29737221221308]}",3
95,20210902T083446,-11.18076023,29.97628059,"{""type"":""Point"",""coordinates"":[140.07195266521634,40.29744549429446]}",0
96,20210902T083446,-8.36849808,37.81232573,"{""type"":""Point"",""coordinates"":[140.0585530847944,40.29740571222554]}",2
97,20210902T083446,-8.843855584,36.4877967,"{""type"":""Point"",""coordinates"":[140.07539550438275,40.29762904557412]}",2
98,20210902T083446,-9.995642601,33.2784746,"{""type"":""Point"",""coordinates"":[140.07211388179326,40.29764773630546]}",0
99,20210902T083446,-10.70208053,31.31006653,"{""type"":""Point"",""coordinates"":[140.05881981094794,40.297568442993025]}",0
100,20210902T083446,-8.607902077,37.14525402,"{""type"":""Point"",""coordinates"":[140.07909045917586,40.29772025378446]}",2
101,20210902T083446,-10.02376148,33.20012457,"{""type"":""Point"",""coordinates"":[140.07230404053757,40.297872521933506]}",0
102,20210902T083446,-7.412491396,40.47612844,"{""type"":""Point"",""coordinates"":[140.07009360387872,40.29817090884893]}",1
103,20210902T083446,-9.319347951,35.16289189,"{""type"":""Point"",""coordinates"":[140.07653818473023,40.298307129875084]}",2
104,20210902T083446,-10.00121707,33.26294199,"{""type"":""Point"",""coordinates"":[140.06913464162298,40.29829422847802]}",0
105,20210902T083446,-8.275192947,38.07230976,"{""type"":""Point"",""coordinates"":[140.0729469413292,40.29833723044028]}",2
106,20210902T083446,-6.592791831,42.76012703,"{""type"":""Point"",""coordinates"":[140.07011982813427,40.298434852632646]}",1
107,20210902T083446,-8.119714404,38.50553284,"{""type"":""Point"",""coordinates"":[140.07325427479162,40.29852701903338]}",2
108,20210902T083446,-6.940943752,41.79004173,"{""type"":""Point"",""coordinates"":[140.06868829996145,40.298523755248056]}",1
109,20210902T083446,-7.761035353,39.50495078,"{""type"":""Point"",""coordinates"":[140.07613503190564,40.29885438708123]}",2
110,20210902T083446,-7.755746736,39.5196869,"{""type"":""Point"",""coordinates"":[140.07001599628416,40.298841000486505]}",2
111,20210902T083446,-6.954697329,41.75171897,"{""type"":""Point"",""coordinates"":[140.0692717896175,40.29907750520639]}",1
112,20210902T083446,-4.603145674,48.30404729,"{""type"":""Point"",""coordinates"":[140.07045529619165,40.299237318875846]}",3
113,20210902T083446,-6.317615568,43.52687405,"{""type"":""Point"",""coordinates"":[140.06945081959677,40.299253044363816]}",1
114,20210902T083446,-7.780507597,39.45069361,"{""type"":""Point"",""coordinates"":[140.0798526918042,40.29953585106596]}",2
115,20210902T083446,-1.004837644,58.33031891,"{""type"":""Point"",""coordinates"":[140.0771085717398,40.29951794645683]}",3
116,20210902T083446,-7.189213016,41.09826797,"{""type"":""Point"",""coordinates"":[140.07004952056164,40.29949394248769]}",1
117,20210902T083446,-6.630511087,42.65502666,"{""type"":""Point"",""coordinates"":[140.06980802678703,40.299680117943105]}",1
118,20210902T083446,-6.161292044,43.96245158,"{""type"":""Point"",""coordinates"":[140.0759572271133,40.300136311618665]}",1
119,20210902T083446,-8.795785702,36.6217379,"{""type"":""Point"",""coordinates"":[140.07044016063608,40.300582896769185]}",2
120,20210902T083446,-2.594554785,53.90075487,"{""type"":""Point"",""coordinates"":[140.07599225675236,40.30065961173831]}",3
121,20210902T083446,-6.485058576,43.06031336,"{""type"":""Point"",""coordinates"":[140.07082943920216,40.300755349321925]}",1
122,20210902T083446,-9.019367981,35.99875158,"{""type"":""Point"",""coordinates"":[140.07049573115586,40.300833621810824]}",2
123,20210902T083446,-7.835096658,39.29858746,"{""type"":""Point"",""coordinates"":[140.07069218436843,40.30101821527732]}",2
124,20210902T083446,-7.156339967,41.18986495,"{""type"":""Point"",""coordinates"":[140.0708115796736,40.301305126386865]}",1
125,20210902T083446,-11.45693259,29.20675806,"{""type"":""Point"",""coordinates"":[140.0754508487121,40.30155914564314]}",0
126,20210902T083446,-6.5132003,42.98189968,"{""type"":""Point"",""coordinates"":[140.07577661882064,40.301668575851004]}",1
127,20210902T083446,-10.46869295,31.96037418,"{""type"":""Point"",""coordinates"":[140.0709120023653,40.301721562304266]}",0
128,20210902T083446,-7.670772675,39.75645735,"{""type"":""Point"",""coordinates"":[140.03564525702024,40.31943800491984]}",2
129,20210902T083446,-4.725235826,47.96385712,"{""type"":""Point"",""coordinates"":[140.0351036931882,40.319796393313474]}",3
130,20210902T083446,-9.378843138,34.99711539,"{""type"":""Point"",""coordinates"":[140.0884948504625,40.33191483720449]}",2
131,20210902T083446,-9.534086788,34.56454681,"{""type"":""Point"",""coordinates"":[140.0882951135714,40.33201637623988]}",0
132,20210902T083446,-6.860559762,42.01402248,"{""type"":""Point"",""coordinates"":[140.08807765525,40.3321356834242]}",1
133,20210902T083446,-8.556501271,37.28847645,"{""type"":""Point"",""coordinates"":[140.08786024535848,40.33225051983905]}",2
134,20210902T083446,-11.39208257,29.38745519,"{""type"":""Point"",""coordinates"":[140.09098678345902,40.33320946795188]}",0
135,20210902T083446,-11.42192756,29.30429554,"{""type"":""Point"",""coordinates"":[140.0911195699741,40.33335338145562]}",0
136,20210902T083446,-8.234596618,38.18542676,"{""type"":""Point"",""coordinates"":[140.09126988154227,40.33349740723614]}",2
137,20210902T083446,-11.5407555,28.97319517,"{""type"":""Point"",""coordinates"":[140.09133203247654,40.33369004466143]}",0
138,20210902T083446,-9.573005436,34.45610447,"{""type"":""Point"",""coordinates"":[140.08667050783183,40.292301760828146]}",0
139,20210902T083446,-7.305670419,40.77377281,"{""type"":""Point"",""coordinates"":[140.08668383956646,40.292681856233884]}",1
140,20210902T083446,-9.53165001,34.57133661,"{""type"":""Point"",""coordinates"":[140.08189112855115,40.28524734718261]}",0
141,20210902T083446,-14.1273952,21.76582103,"{""type"":""Point"",""coordinates"":[140.0776420388368,40.29094216890213]}",4
142,20210902T083446,-16.66906029,14.68376348,"{""type"":""Point"",""coordinates"":[140.07775883207933,40.290415389294466]}",4
143,20210902T083446,-7.613751205,39.91534112,"{""type"":""Point"",""coordinates"":[140.07139063688928,40.29030209459592]}",2
144,20210902T083446,-9.863343662,33.64711038,"{""type"":""Point"",""coordinates"":[140.0672519499653,40.283528479189094]}",0
145,20210902T083446,-9.261727065,35.32344586,"{""type"":""Point"",""coordinates"":[140.06722180527186,40.28361322292797]}",2
146,20210902T083446,-9.911074487,33.51411393,"{""type"":""Point"",""coordinates"":[140.06440807654496,40.283098309871534]}",0
147,20210902T083446,-9.468871176,34.74626261,"{""type"":""Point"",""coordinates"":[140.08608254361985,40.283665039671945]}",0
148,20210902T083446,-10.43182422,32.06310467,"{""type"":""Point"",""coordinates"":[140.07684997546417,40.29914518843256]}",0
149,20210902T083446,-6.630158102,42.65601022,"{""type"":""Point"",""coordinates"":[140.07562234793528,40.298229604261145]}",1
150,20210902T083446,0.915608486,63.68142125,"{""type"":""Point"",""coordinates"":[140.0753749047258,40.2968599514373]}",3
151,20210902T083446,-7.559753825,40.06579861,"{""type"":""Point"",""coordinates"":[140.0756143666621,40.2978987207565]}",1
152,20210902T083446,-9.069171375,35.85998015,"{""type"":""Point"",""coordinates"":[140.0783738123104,40.30020575497822]}",2
153,20210902T083446,-9.216789753,35.44865852,"{""type"":""Point"",""coordinates"":[140.07825378951625,40.299972495743184]}",2
154,20210902T083446,-5.809724434,44.9420543,"{""type"":""Point"",""coordinates"":[140.07758205269633,40.29999493371851]}",1
155,20210902T083446,-11.09278601,30.22141064,"{""type"":""Point"",""coordinates"":[140.07804965187285,40.300476351312554]}",0
156,20210902T083446,-10.93449143,30.66248028,"{""type"":""Point"",""coordinates"":[140.0778940629888,40.300815107945986]}",0
157,20210902T083446,-6.667277821,42.55258039,"{""type"":""Point"",""coordinates"":[140.07713075011992,40.3011946004893]}",1
158,20210902T083446,-8.618903505,37.1145998,"{""type"":""Point"",""coordinates"":[140.07644912497355,40.303148305004086]}",2
159,20210902T083446,-15.16338597,18.87915185,"{""type"":""Point"",""coordinates"":[140.05076091417124,40.27035024548832]}",4
160,20210902T083446,-7.253828638,40.91822397,"{""type"":""Point"",""coordinates"":[140.04964386362727,40.27054833783531]}",1
161,20210902T083446,-6.484236479,43.06260404,"{""type"":""Point"",""coordinates"":[140.04844227518348,40.26897097446548]}",1
162,20210902T083446,-7.996923217,38.84767636,"{""type"":""Point"",""coordinates"":[140.08405850608432,40.28510492874182]}",2
163,20210902T083446,-7.900104278,39.11745121,"{""type"":""Point"",""coordinates"":[140.08173743760395,40.28436562031958]}",2
164,20210902T083446,-7.323276262,40.72471615,"{""type"":""Point"",""coordinates"":[140.08269325935467,40.28345086030596]}",1
165,20210902T083446,-8.845104428,36.48431694,"{""type"":""Point"",""coordinates"":[140.08131336629896,40.28312447970852]}",2
166,20210902T083446,-6.913581207,41.86628432,"{""type"":""Point"",""coordinates"":[140.0814485121908,40.28304488534205]}",1
167,20210902T083446,-8.739830868,36.77764961,"{""type"":""Point"",""coordinates"":[140.08039106006328,40.281017249885615]}",2
168,20210902T083446,-10.22685693,32.63422245,"{""type"":""Point"",""coordinates"":[140.08015971480825,40.28082350380581]}",0
169,20210902T083446,-7.647006218,39.82267985,"{""type"":""Point"",""coordinates"":[140.0799400943563,40.28062536289957]}",2
170,20210902T083446,-13.53880926,23.40584807,"{""type"":""Point"",""coordinates"":[140.0685476491282,40.28717620143806]}",4
171,20210902T083446,-8.54867123,37.31029396,"{""type"":""Point"",""coordinates"":[140.06872967475041,40.28656491865252]}",2
172,20210902T083446,-7.755109123,39.52146354,"{""type"":""Point"",""coordinates"":[140.06887755995572,40.28794734197481]}",2
173,20210902T083446,-8.737752389,36.78344105,"{""type"":""Point"",""coordinates"":[140.06894495011827,40.28714753206777]}",2
174,20210902T083446,-9.584564106,34.42389757,"{""type"":""Point"",""coordinates"":[140.06811156520754,40.283914177333685]}",0
175,20210902T083446,-8.908277731,36.30829179,"{""type"":""Point"",""coordinates"":[140.06838838260288,40.28369694341402]}",2
176,20210902T083446,-8.362354352,37.82944452,"{""type"":""Point"",""coordinates"":[140.0853818566112,40.284210408902815]}",2
177,20210902T083446,-7.439093174,40.40200564,"{""type"":""Point"",""coordinates"":[140.07758711270125,40.29849281434081]}",1
178,20210902T083446,-5.152583194,46.77310281,"{""type"":""Point"",""coordinates"":[140.0803798492664,40.29938727963568]}",3
179,20210902T083446,-7.672013242,39.75300065,"{""type"":""Point"",""coordinates"":[140.0804303787577,40.299043365180864]}",2
180,20210902T083446,-9.432374878,34.84795535,"{""type"":""Point"",""coordinates"":[140.07954605473094,40.298755953138375]}",0
181,20210902T083446,-8.749615589,36.75038561,"{""type"":""Point"",""coordinates"":[140.07951360739818,40.29852326571128]}",2
182,20210902T083446,-7.798251915,39.40125111,"{""type"":""Point"",""coordinates"":[140.07958155652256,40.29818840647255]}",2
183,20210902T083446,-5.672008673,45.32578344,"{""type"":""Point"",""coordinates"":[140.07936637997588,40.29706038965326]}",3
184,20210902T083446,-7.805799718,39.38022002,"{""type"":""Point"",""coordinates"":[140.07759134661222,40.29811283313755]}",2
185,20210902T083446,-6.800467118,42.18146372,"{""type"":""Point"",""coordinates"":[140.07827092549033,40.298957760565]}",1
186,20210902T083446,-8.601463891,37.16319328,"{""type"":""Point"",""coordinates"":[140.07722162400825,40.297757232665006]}",2
187,20210902T083446,-10.01460928,33.22562613,"{""type"":""Point"",""coordinates"":[140.0772582408582,40.297091338699225]}",0
188,20210902T083446,-11.77311207,28.3257603,"{""type"":""Point"",""coordinates"":[140.07616537345984,40.29665947556956]}",4
189,20210902T083446,-8.358008536,37.84155364,"{""type"":""Point"",""coordinates"":[140.0759543976901,40.29620655456348]}",2
190,20210902T083446,-9.318230208,35.16600635,"{""type"":""Point"",""coordinates"":[140.06455073328343,40.27462727180211]}",2
191,20210902T083446,-12.0605728,27.52478401,"{""type"":""Point"",""coordinates"":[140.06501094541903,40.27315946540022]}",4
192,20210902T083446,-8.253785109,38.13196023,"{""type"":""Point"",""coordinates"":[140.06524687447686,40.2729419669981]}",2
193,20210902T083446,-9.655968474,34.2249375,"{""type"":""Point"",""coordinates"":[140.06243420680238,40.27391575934652]}",0
194,20210902T083446,-10.94304906,30.63863543,"{""type"":""Point"",""coordinates"":[140.0626698422006,40.273725088551885]}",0
195,20210902T083446,-7.026097934,41.5527694,"{""type"":""Point"",""coordinates"":[140.062911211103,40.273543396860894]}",1
196,20210902T083446,-8.883436267,36.37750968,"{""type"":""Point"",""coordinates"":[140.0621557464565,40.27273810735597]}",2
197,20210902T083446,-5.963760838,44.51284957,"{""type"":""Point"",""coordinates"":[140.08852755816784,40.27790017974285]}",1
198,20210902T083446,-5.736898302,45.14497595,"{""type"":""Point"",""coordinates"":[140.08828457561546,40.2777019041546]}",3
199,20210902T083446,-5.719618436,45.19312431,"{""type"":""Point"",""coordinates"":[140.08806513750415,40.277485896866004]}",3
200,20210902T083446,-10.46455697,31.97189862,"{""type"":""Point"",""coordinates"":[140.08773224895816,40.273782003134556]}",0
201,20210902T083446,-12.56863127,26.1091375,"{""type"":""Point"",""coordinates"":[140.0880015064265,40.27371220645479]}",4
202,20210902T083446,-12.86344292,25.28767872,"{""type"":""Point"",""coordinates"":[140.087547040812,40.277889393214494]}",4
203,20210902T083446,-10.00921216,33.24066458,"{""type"":""Point"",""coordinates"":[140.08723636875365,40.278008099505016]}",0
204,20210902T083446,-6.737986927,42.35555759,"{""type"":""Point"",""coordinates"":[140.0850718102668,40.27367988567959]}",1
205,20210902T083446,-6.495806809,43.03036465,"{""type"":""Point"",""coordinates"":[140.08968400687058,40.28422919873953]}",1
206,20210902T083446,-6.16335138,43.95671348,"{""type"":""Point"",""coordinates"":[140.09038518512838,40.283102614738766]}",1
207,20210902T083446,-5.909565233,44.6638594,"{""type"":""Point"",""coordinates"":[140.0896121115247,40.28173408257017]}",1
208,20210902T083446,-10.31397926,32.39146609,"{""type"":""Point"",""coordinates"":[140.08933300680042,40.28110191845872]}",0
209,20210902T083446,-9.3424901,35.09840895,"{""type"":""Point"",""coordinates"":[140.08871114661062,40.2797880006477]}",2
210,20210902T083446,-7.001219614,41.62208997,"{""type"":""Point"",""coordinates"":[140.0880629688836,40.27874662301491]}",1
211,20210902T083446,-5.453246181,45.93533997,"{""type"":""Point"",""coordinates"":[140.08774062018318,40.27886525542315]}",3
212,20210902T083446,-7.69909057,39.67755279,"{""type"":""Point"",""coordinates"":[140.08741836862524,40.27897494613645]}",2
213,20210902T083446,-6.310851485,43.54572139,"{""type"":""Point"",""coordinates"":[140.0870906724396,40.2790488351622]}",1
214,20210902T083446,-9.278177179,35.27760951,"{""type"":""Point"",""coordinates"":[140.08516200363266,40.28138350152912]}",2
215,20210902T083446,-8.748721849,36.75287591,"{""type"":""Point"",""coordinates"":[140.0846502666673,40.27961873270248]}",2
216,20210902T083446,-8.51062136,37.41631555,"{""type"":""Point"",""coordinates"":[140.084720173148,40.278573039274235]}",2
217,20210902T083446,-8.53052982,37.36084292,"{""type"":""Point"",""coordinates"":[140.0842996180138,40.27648249620215]}",2
218,20210902T083446,-8.328353228,37.92418475,"{""type"":""Point"",""coordinates"":[140.0810126441872,40.273389792695745]}",2
219,20210902T083446,-10.72671168,31.24143467,"{""type"":""Point"",""coordinates"":[140.08086462716707,40.27252598273212]}",0
220,20210902T083446,-6.509008763,42.99357892,"{""type"":""Point"",""coordinates"":[140.09557080124904,40.261448356352524]}",1
221,20210902T083446,-8.486863749,37.4825134,"{""type"":""Point"",""coordinates"":[140.09518571996983,40.26144142986477]}",2
222,20210902T083446,-9.388415977,34.97044177,"{""type"":""Point"",""coordinates"":[140.0937854916172,40.261410135822736]}",2
223,20210902T083446,-4.423782607,48.80382186,"{""type"":""Point"",""coordinates"":[140.0938073358888,40.26047589417683]}",3
224,20210902T083446,-5.994186627,44.42807161,"{""type"":""Point"",""coordinates"":[140.09416907061805,40.26048267611117]}",1
225,20210902T083446,-5.93599279,44.59022205,"{""type"":""Point"",""coordinates"":[140.09452497021908,40.26048941965988]}",1
226,20210902T083446,-7.487812413,40.26625508,"{""type"":""Point"",""coordinates"":[140.0948750832953,40.2604916544628]}",1
227,20210902T083446,-6.578704908,42.79937862,"{""type"":""Point"",""coordinates"":[140.09516679563478,40.260497986403834]}",1
228,20210902T083446,-11.17580123,29.99009827,"{""type"":""Point"",""coordinates"":[140.09751534189425,40.25863971015231]}",0
229,20210902T083446,-9.168381384,35.58354287,"{""type"":""Point"",""coordinates"":[140.097847940482,40.25864182456553]}",2
230,20210902T083446,-8.45334236,37.5759169,"{""type"":""Point"",""coordinates"":[140.09753115313754,40.25771884104734]}",2
231,20210902T083446,-4.963894528,47.29886209,"{""type"":""Point"",""coordinates"":[140.09761845682306,40.253968455163786]}",3
232,20210902T083446,-6.782442325,42.23168774,"{""type"":""Point"",""coordinates"":[140.09370778775752,40.25300467333111]}",1
233,20210902T083446,-7.752690749,39.52820206,"{""type"":""Point"",""coordinates"":[140.09502056709886,40.253013056370435]}",2
234,20210902T083446,-3.13489529,52.39515818,"{""type"":""Point"",""coordinates"":[140.0960298518869,40.25302843271223]}",3
235,20210902T083446,-4.556160103,48.43496718,"{""type"":""Point"",""coordinates"":[140.0961990061678,40.25303398105543]}",3
236,20210902T083446,-8.21496478,38.24012862,"{""type"":""Point"",""coordinates"":[140.09647327990106,40.253031257086086]}",2
237,20210902T083446,-6.459689469,43.13100146,"{""type"":""Point"",""coordinates"":[140.0968291408084,40.2530379932105]}",1
238,20210902T083446,-10.45239595,32.0057839,"{""type"":""Point"",""coordinates"":[140.09719078794325,40.25304923577888]}",0
239,20210902T083446,-10.69049193,31.34235682,"{""type"":""Point"",""coordinates"":[140.06606531491715,40.282121286356826]}",0
240,20210902T083446,-4.437800733,48.76476196,"{""type"":""Point"",""coordinates"":[140.06673319112986,40.282425250465366]}",3
241,20210902T083446,-11.22477566,29.85363666,"{""type"":""Point"",""coordinates"":[140.0673859839402,40.282514517139006]}",0
242,20210902T083446,-9.932146892,33.45539809,"{""type"":""Point"",""coordinates"":[140.06740312637444,40.283064527033176]}",0
243,20210902T083446,-10.5141822,31.83362364,"{""type"":""Point"",""coordinates"":[140.06660323876145,40.28307711193155]}",0
244,20210902T083446,-6.621956082,42.6788642,"{""type"":""Point"",""coordinates"":[140.0673942461421,40.28385131180456]}",1
245,20210902T083446,-13.68342351,23.0028971,"{""type"":""Point"",""coordinates"":[140.0658391320386,40.283022868121186]}",4
246,20210902T083446,-7.206806878,41.0492447,"{""type"":""Point"",""coordinates"":[140.06371840650817,40.28111320326591]}",1
247,20210902T083446,-8.170115031,38.36509729,"{""type"":""Point"",""coordinates"":[140.07427131244364,40.296866128103915]}",2
248,20210902T083446,-7.320242021,40.73317072,"{""type"":""Point"",""coordinates"":[140.0745942701878,40.29670283093564]}",1
249,20210902T083446,-7.662882536,39.77844232,"{""type"":""Point"",""coordinates"":[140.07468414472956,40.29649776842593]}",2
250,20210902T083446,-10.5704615,31.67680782,"{""type"":""Point"",""coordinates"":[140.07473903909482,40.29628800578656]}",0
251,20210902T083446,-6.199004965,43.85736886,"{""type"":""Point"",""coordinates"":[140.07478305647496,40.29600664069817]}",1
252,20210902T083446,-8.963883632,36.15335234,"{""type"":""Point"",""coordinates"":[140.07654102787183,40.29805231900688]}",2
253,20210902T083446,-5.972268937,44.48914273,"{""type"":""Point"",""coordinates"":[140.07652186413276,40.29767665546599]}",1
254,20210902T083446,-6.771342051,42.26261737,"{""type"":""Point"",""coordinates"":[140.07710353738486,40.29996945337045]}",1
255,20210902T083446,-8.553560974,37.29666925,"{""type"":""Point"",""coordinates"":[140.03622375643968,40.2831489884052]}",2
256,20210902T083446,-5.371299416,46.16367521,"{""type"":""Point"",""coordinates"":[140.09594588813272,40.251087600545205]}",3
257,20210902T083446,-8.62688679,37.0923553,"{""type"":""Point"",""coordinates"":[140.0969000849704,40.24918467397959]}",2
258,20210902T083446,-5.476874859,45.86950137,"{""type"":""Point"",""coordinates"":[140.09695223383957,40.24867981295464]}",3
259,20210902T083446,-6.315310575,43.53329665,"{""type"":""Point"",""coordinates"":[140.0849639587812,40.289813967375736]}",1
260,20210902T083446,-6.598330721,42.74469355,"{""type"":""Point"",""coordinates"":[140.08516327952017,40.28973925456899]}",1
261,20210902T083446,-5.221300182,46.58163083,"{""type"":""Point"",""coordinates"":[140.08543329301338,40.28960687930879]}",3
262,20210902T083446,-7.48821779,40.26512555,"{""type"":""Point"",""coordinates"":[140.08565744135646,40.289398205116754]}",1
263,20210902T083446,-6.213120753,43.81803684,"{""type"":""Point"",""coordinates"":[140.08588006161344,40.28932811233151]}",1
264,20210902T083446,-4.785965658,47.79464043,"{""type"":""Point"",""coordinates"":[140.08610822369445,40.28928487911213]}",3
265,20210902T083446,-7.71833121,39.62394096,"{""type"":""Point"",""coordinates"":[140.08634761788886,40.289281954268176]}",2
266,20210902T083446,-8.425642977,37.65309805,"{""type"":""Point"",""coordinates"":[140.0888922099793,40.28882446067097]}",2
267,20210902T083446,-5.112247747,46.8854929,"{""type"":""Point"",""coordinates"":[140.08936898078088,40.28846987123935]}",3
268,20210902T083446,-9.052391719,35.90673473,"{""type"":""Point"",""coordinates"":[140.08982971162322,40.28851306922625]}",2
269,20210902T083446,-4.07824961,49.76660982,"{""type"":""Point"",""coordinates"":[140.09013935036745,40.28849270510429]}",3
270,20210902T083446,-4.460772661,48.70075332,"{""type"":""Point"",""coordinates"":[140.09045433709784,40.288517081512786]}",3
271,20210902T083446,-6.909321776,41.87815274,"{""type"":""Point"",""coordinates"":[140.06924432261022,40.28700197645416]}",1
272,20210902T083446,-9.629239753,34.29941401,"{""type"":""Point"",""coordinates"":[140.06952603035265,40.28635111434295]}",0
273,20210902T083446,-9.06838486,35.86217169,"{""type"":""Point"",""coordinates"":[140.07000812132304,40.28656888953633]}",2
274,20210902T083446,-7.654954282,39.80053348,"{""type"":""Point"",""coordinates"":[140.0703394535021,40.28721485580709]}",2
275,20210902T083446,-10.77565618,31.10505644,"{""type"":""Point"",""coordinates"":[140.0700289102738,40.287315633561455]}",0
276,20210902T083446,-8.733714929,36.79469097,"{""type"":""Point"",""coordinates"":[140.06963880469985,40.28722364526059]}",2
277,20210902T083446,-3.77630504,50.60794365,"{""type"":""Point"",""coordinates"":[140.0694041989639,40.28680185069308]}",3
278,20210902T083446,-7.839639454,39.28592949,"{""type"":""Point"",""coordinates"":[140.06969712779645,40.28670989974647]}",2
279,20210902T083446,-8.23310092,38.18959435,"{""type"":""Point"",""coordinates"":[140.07030158272795,40.284871958960224]}",2
280,20210902T083446,-9.657434083,34.22085375,"{""type"":""Point"",""coordinates"":[140.06803919978677,40.28411935098188]}",0
281,20210902T083446,-8.169436942,38.3669867,"{""type"":""Point"",""coordinates"":[140.0766622050053,40.300798116175386]}",2
282,20210902T083446,-8.556029724,37.28979036,"{""type"":""Point"",""coordinates"":[140.0773626601537,40.298723823903224]}",2
283,20210902T083446,-8.86477066,36.42951924,"{""type"":""Point"",""coordinates"":[140.0772491874513,40.298951087669664]}",2
284,20210902T083446,-9.25936716,35.33002147,"{""type"":""Point"",""coordinates"":[140.07835739184569,40.29853360909028]}",2
285,20210902T083446,-8.927203962,36.25555603,"{""type"":""Point"",""coordinates"":[140.07854136924274,40.29826656797982]}",2
286,20210902T083446,-7.06291277,41.45018909,"{""type"":""Point"",""coordinates"":[140.07573648804765,40.29585194300959]}",1
287,20210902T083446,-7.572771423,40.02952657,"{""type"":""Point"",""coordinates"":[140.07568703970847,40.29557443616036]}",1
288,20210902T083446,-7.055044136,41.47211413,"{""type"":""Point"",""coordinates"":[140.07628313810358,40.29709390348944]}",1
289,20210902T083446,-9.273314293,35.29115938,"{""type"":""Point"",""coordinates"":[140.08671014838174,40.330593425165965]}",2
290,20210902T083446,-8.888874399,36.36235695,"{""type"":""Point"",""coordinates"":[140.08651561341415,40.330753113431555]}",2
291,20210902T083446,-8.213104419,38.2453123,"{""type"":""Point"",""coordinates"":[140.0862509823174,40.33091234865538]}",2
292,20210902T083446,-8.290108894,38.03074819,"{""type"":""Point"",""coordinates"":[140.0892334687123,40.33008661654403]}",2
293,20210902T083446,-6.448899009,43.16106784,"{""type"":""Point"",""coordinates"":[140.08890950111834,40.330330418902285]}",1
294,20210902T083446,-10.70448044,31.30337947,"{""type"":""Point"",""coordinates"":[140.08780607703704,40.329210115465]}",0
295,20210902T083446,-6.587638712,42.77448561,"{""type"":""Point"",""coordinates"":[140.09050957175575,40.33144496082676]}",1
296,20210902T083446,-9.619299573,34.32711118,"{""type"":""Point"",""coordinates"":[140.08997516259456,40.33116881684177]}",0
297,20210902T083446,-8.051531225,38.69551743,"{""type"":""Point"",""coordinates"":[140.03236491035724,40.27376963536158]}",2
298,20210902T083446,-6.800652059,42.18094841,"{""type"":""Point"",""coordinates"":[140.06055734036931,40.28804407230841]}",1
299,20210902T083446,-8.372831719,37.80025054,"{""type"":""Point"",""coordinates"":[140.05631354761175,40.28596806980997]}",2
300,20210902T083446,-6.652692203,42.59322153,"{""type"":""Point"",""coordinates"":[140.0962914618821,40.25957077376352]}",1
301,20210902T083446,-5.200803866,46.63874146,"{""type"":""Point"",""coordinates"":[140.09594135344088,40.25956854328773]}",3
302,20210902T083446,-10.47863216,31.93267972,"{""type"":""Point"",""coordinates"":[140.07944024529903,40.254674070597424]}",0
303,20210902T083446,-8.778419773,36.67012606,"{""type"":""Point"",""coordinates"":[140.06904711053684,40.298807779706415]}",2
304,20210902T083446,-8.777579669,36.67246692,"{""type"":""Point"",""coordinates"":[140.0704146725295,40.29869609741268]}",2
305,20210902T083446,-4.977279132,47.26156743,"{""type"":""Point"",""coordinates"":[140.07782413222668,40.27878304663166]}",3
306,20210902T083446,-5.63988188,45.41530105,"{""type"":""Point"",""coordinates"":[140.07759290144764,40.27858035471635]}",3
307,20210902T083446,-6.172071583,43.93241563,"{""type"":""Point"",""coordinates"":[140.07714785456105,40.27818402471845]}",1
308,20210902T083446,-11.21404047,29.88354902,"{""type"":""Point"",""coordinates"":[140.07735157532235,40.27980822263858]}",0
309,20210902T083446,-6.468618864,43.10612073,"{""type"":""Point"",""coordinates"":[140.0729293485813,40.30094799815733]}",1
310,20210902T083446,-7.257949401,40.90674194,"{""type"":""Point"",""coordinates"":[140.07248227875897,40.30072152432683]}",1
311,20210902T083446,-7.100117695,41.34652184,"{""type"":""Point"",""coordinates"":[140.07237365174487,40.30051515814572]}",1
312,20210902T083446,-12.08244033,27.46385267,"{""type"":""Point"",""coordinates"":[140.07221000056063,40.300008893628814]}",4
313,20210902T083446,-10.82234304,30.97496887,"{""type"":""Point"",""coordinates"":[140.0721897065524,40.299736048001904]}",0
314,20210902T083446,-11.63429412,28.71256054,"{""type"":""Point"",""coordinates"":[140.07990021406505,40.326261896078854]}",0
315,20210902T083446,-8.907248089,36.31116077,"{""type"":""Point"",""coordinates"":[140.02228188592528,40.27206312066109]}",2
316,20210902T083446,-8.135496564,38.46155767,"{""type"":""Point"",""coordinates"":[140.02233713446395,40.271835502070246]}",2
317,20210902T083446,-11.06038317,30.31169743,"{""type"":""Point"",""coordinates"":[140.0231395601708,40.27159970549649]}",0
318,20210902T083446,-13.85961332,22.51196445,"{""type"":""Point"",""coordinates"":[140.0220603007376,40.27106907119685]}",4
319,20210902T083446,-10.10810355,32.9651151,"{""type"":""Point"",""coordinates"":[140.02215776664656,40.273658291205024]}",0
320,20210902T083446,-7.777330181,39.45954711,"{""type"":""Point"",""coordinates"":[140.0223711900239,40.27533630003478]}",2
321,20210902T083446,-7.885676291,39.15765313,"{""type"":""Point"",""coordinates"":[140.02222355682125,40.27499102128614]}",2
322,20210902T083446,-8.364218049,37.82425154,"{""type"":""Point"",""coordinates"":[140.05150822272108,40.284518487029516]}",2
323,20210902T083446,-11.04531819,30.35367425,"{""type"":""Point"",""coordinates"":[140.06872553789623,40.291594426544044]}",0
324,20210902T083446,-4.400335424,48.86915474,"{""type"":""Point"",""coordinates"":[140.068582766173,40.2913118290557]}",3
325,20210902T083446,-5.744010055,45.12515986,"{""type"":""Point"",""coordinates"":[140.06054445665032,40.296350536057076]}",3
326,20210902T083446,-7.498021864,40.23780762,"{""type"":""Point"",""coordinates"":[140.06034694411017,40.29575014394981]}",1
327,20210902T083446,-8.346621637,37.87328192,"{""type"":""Point"",""coordinates"":[140.07736564147845,40.32254811333902]}",2
328,20210902T083446,-6.723979457,42.3945878,"{""type"":""Point"",""coordinates"":[140.07609914862408,40.32193628862384]}",1
329,20210902T083446,-8.3924688,37.74553407,"{""type"":""Point"",""coordinates"":[140.07434912616202,40.319649246030195]}",2
330,20210902T083446,-9.005751091,36.03669348,"{""type"":""Point"",""coordinates"":[140.0741474018698,40.319929574863174]}",2
331,20210902T083446,-5.276781339,46.42703896,"{""type"":""Point"",""coordinates"":[140.07637437712387,40.26745820049942]}",3
332,20210902T083446,-6.968279832,41.71387289,"{""type"":""Point"",""coordinates"":[140.07649154142914,40.267418730455546]}",1
333,20210902T083446,-7.830076009,39.31257693,"{""type"":""Point"",""coordinates"":[140.07331653159886,40.30130819753814]}",2
334,20210902T083446,-6.381293847,43.34944185,"{""type"":""Point"",""coordinates"":[140.0742555425025,40.300362105524385]}",1
335,20210902T083446,-8.468318178,37.5341885,"{""type"":""Point"",""coordinates"":[140.07259914171905,40.29811140941645]}",2
336,20210902T083446,-10.3501747,32.29061168,"{""type"":""Point"",""coordinates"":[140.07317868133734,40.300583040125346]}",0
337,20210902T083446,-6.179913684,43.91056452,"{""type"":""Point"",""coordinates"":[140.0730878188219,40.30035443787614]}",1
338,20210902T083446,-9.46685934,34.75186836,"{""type"":""Point"",""coordinates"":[140.0729296503892,40.29987950521306]}",0
339,20210902T083446,-6.899495874,41.90553148,"{""type"":""Point"",""coordinates"":[140.07279233181723,40.2996282439043]}",1
340,20210902T083446,-5.48418334,45.84913713,"{""type"":""Point"",""coordinates"":[140.07346230578847,40.29872062531681]}",3
341,20210902T083446,-7.77749466,39.45908881,"{""type"":""Point"",""coordinates"":[140.02313823518017,40.27953518896176]}",2
342,20210902T083446,-8.157812534,38.39937678,"{""type"":""Point"",""coordinates"":[140.0228956886418,40.27882712013124]}",2
343,20210902T083446,-9.029099615,35.9716355,"{""type"":""Point"",""coordinates"":[140.023224313151,40.28014827715371]}",2
344,20210902T083446,-7.164323047,41.16762101,"{""type"":""Point"",""coordinates"":[140.0230020492455,40.27920787436303]}",1
345,20210902T083446,-8.059197013,38.67415759,"{""type"":""Point"",""coordinates"":[140.02399056273626,40.27365324286041]}",2
346,20210902T083446,-8.063925394,38.6609825,"{""type"":""Point"",""coordinates"":[140.02344501808335,40.2738819021089]}",2
347,20210902T083446,-8.545599182,37.31885387,"{""type"":""Point"",""coordinates"":[140.0223089364536,40.27419583504322]}",2
348,20210902T083446,-7.995674811,38.8511549,"{""type"":""Point"",""coordinates"":[140.06686439585337,40.28579702859238]}",2
349,20210902T083446,-9.252975087,35.34783224,"{""type"":""Point"",""coordinates"":[140.06664452442305,40.28613981571787]}",2
350,20210902T083446,-8.015250341,38.79660994,"{""type"":""Point"",""coordinates"":[140.05915764454411,40.28536123747487]}",2
351,20210902T083446,-11.08626604,30.23957778,"{""type"":""Point"",""coordinates"":[140.0646294534984,40.28983712466158]}",0
352,20210902T083446,-6.830434458,42.09796318,"{""type"":""Point"",""coordinates"":[140.06982240800625,40.29373419200989]}",1
353,20210902T083446,-7.943816332,38.99565259,"{""type"":""Point"",""coordinates"":[140.0695042869858,40.29243111991554]}",2
354,20210902T083446,-6.251465055,43.71119485,"{""type"":""Point"",""coordinates"":[140.06934032343628,40.291956143557634]}",1
355,20210902T083446,-4.695020073,48.04804984,"{""type"":""Point"",""coordinates"":[140.0618001486826,40.295804551086874]}",3
356,20210902T083446,-8.740514069,36.77574595,"{""type"":""Point"",""coordinates"":[140.06023659967337,40.295186099501535]}",2
357,20210902T083446,-8.540305892,37.33360302,"{""type"":""Point"",""coordinates"":[140.060068640319,40.294554609448014]}",2
358,20210902T083446,-4.660256214,48.14491534,"{""type"":""Point"",""coordinates"":[140.0607377987499,40.29424166079373]}",3
359,20210902T083446,-4.735341291,47.9356994,"{""type"":""Point"",""coordinates"":[140.05991911555165,40.29384276985671]}",3
360,20210902T083446,-8.74665172,36.75864409,"{""type"":""Point"",""coordinates"":[140.06066196771425,40.29679839001804]}",2
361,20210902T083446,-9.093951777,35.79093241,"{""type"":""Point"",""coordinates"":[140.057667087347,40.28553008217599]}",2
362,20210902T083446,-6.566714931,42.83278732,"{""type"":""Point"",""coordinates"":[140.0568114623024,40.28581940890574]}",1
363,20210902T083446,-7.929485688,39.03558329,"{""type"":""Point"",""coordinates"":[140.06959854674355,40.287688332257616]}",2
364,20210902T083446,-11.3968151,29.37426853,"{""type"":""Point"",""coordinates"":[140.07994936149234,40.27873878485955]}",0
365,20210902T083446,-10.23440238,32.61319792,"{""type"":""Point"",""coordinates"":[140.07703055512025,40.26880370578896]}",0
366,20210902T083446,-2.750579304,53.46601048,"{""type"":""Point"",""coordinates"":[140.07496434453057,40.268817006642664]}",3
367,20210902T083446,-7.368408104,40.59896146,"{""type"":""Point"",""coordinates"":[140.0753990540288,40.26699580307602]}",1
368,20210902T083446,-9.464711986,34.75785172,"{""type"":""Point"",""coordinates"":[140.0645025039276,40.27218594413388]}",0
369,20210902T083446,-10.17245255,32.78581402,"{""type"":""Point"",""coordinates"":[140.0646260761274,40.27209735094291]}",0
370,20210902T083446,-7.946702906,38.98760949,"{""type"":""Point"",""coordinates"":[140.06478532290805,40.27195087534226]}",2
371,20210902T083446,-8.683130981,36.93563733,"{""type"":""Point"",""coordinates"":[140.06502708456415,40.271733416074746]}",2
372,20210902T083446,-12.18195292,27.18657227,"{""type"":""Point"",""coordinates"":[140.07704573104553,40.272156840162644]}",4
373,20210902T083446,-8.778909746,36.66876081,"{""type"":""Point"",""coordinates"":[140.07704862901528,40.2724206311239]}",2
374,20210902T083446,-10.45172521,32.00765285,"{""type"":""Point"",""coordinates"":[140.07706034160535,40.271893163626075]}",0
375,20210902T083446,-10.00964994,33.23944477,"{""type"":""Point"",""coordinates"":[140.0771215416605,40.27163873299276]}",0
376,20210902T083446,-9.610865491,34.35061178,"{""type"":""Point"",""coordinates"":[140.07501555211945,40.27050280136714]}",0
377,20210902T083446,-10.00311319,33.25765866,"{""type"":""Point"",""coordinates"":[140.07504797776446,40.27021241750073]}",0
378,20210902T083446,-5.747985516,45.1140827,"{""type"":""Point"",""coordinates"":[140.06923429250583,40.26559616126427]}",3
379,20210902T083446,-10.27218662,32.50791649,"{""type"":""Point"",""coordinates"":[140.07085400816754,40.27311317325681]}",0
380,20210902T083446,-7.2899872,40.8174723,"{""type"":""Point"",""coordinates"":[140.0699580929906,40.273371037917514]}",1
381,20210902T083446,-6.975820123,41.69286274,"{""type"":""Point"",""coordinates"":[140.06960831296152,40.272295759224455]}",1
382,20210902T083446,-11.47883418,29.1457318,"{""type"":""Point"",""coordinates"":[140.06872690021626,40.271784747856216]}",0
383,20210902T083446,-8.103086966,38.55186328,"{""type"":""Point"",""coordinates"":[140.06035441361925,40.28484616728534]}",2
384,20210902T083446,-9.378780037,34.99729121,"{""type"":""Point"",""coordinates"":[140.06092515714332,40.28445208663399]}",2
385,20210902T083446,-5.14010457,46.80787306,"{""type"":""Point"",""coordinates"":[140.06083514076045,40.28518020973448]}",3
386,20210902T083446,-11.37386931,29.43820435,"{""type"":""Point"",""coordinates"":[140.06036311587349,40.28561965642964]}",0
387,20210902T083446,-7.867286358,39.20889457,"{""type"":""Point"",""coordinates"":[140.06644133779673,40.28913830793343]}",2
388,20210902T083446,-4.573657102,48.38621381,"{""type"":""Point"",""coordinates"":[140.0676066258284,40.28831000552763]}",3
389,20210902T083446,-7.774807909,39.46657513,"{""type"":""Point"",""coordinates"":[140.06244736973278,40.29022943946762]}",2
390,20210902T083446,-8.913018945,36.29508095,"{""type"":""Point"",""coordinates"":[140.0658177805537,40.29161988031295]}",2
391,20210902T083446,-9.836405829,33.72216956,"{""type"":""Point"",""coordinates"":[140.06560355050405,40.29146198459166]}",0
392,20210902T083446,-6.588320426,42.77258609,"{""type"":""Point"",""coordinates"":[140.06444912732422,40.29132466821827]}",1
393,20210902T083446,-8.668938743,36.97518237,"{""type"":""Point"",""coordinates"":[140.06754740456572,40.293039610533505]}",2
394,20210902T083446,-5.429792809,46.00069009,"{""type"":""Point"",""coordinates"":[140.05754315611276,40.28717893886331]}",3
395,20210902T083446,-4.769753859,47.83981274,"{""type"":""Point"",""coordinates"":[140.05731057792164,40.287096906580686]}",3
396,20210902T083446,-7.099754936,41.34753263,"{""type"":""Point"",""coordinates"":[140.05702520754434,40.28703687310969]}",1
397,20210902T083446,-5.398716181,46.08728155,"{""type"":""Point"",""coordinates"":[140.08077026048264,40.32313361808372]}",3
398,20210902T083446,-8.082303363,38.6097744,"{""type"":""Point"",""coordinates"":[140.08043841947477,40.32356064341194]}",2
399,20210902T083446,-8.074850948,38.6305397,"{""type"":""Point"",""coordinates"":[140.07963086514502,40.32579519152282]}",2
400,20210902T083446,-8.591693453,37.19041748,"{""type"":""Point"",""coordinates"":[140.08564574142247,40.28781103056918]}",2
401,20210902T083446,-7.41811313,40.46046412,"{""type"":""Point"",""coordinates"":[140.0859398350625,40.2876117491425]}",1
402,20210902T083446,-11.1334689,30.10805244,"{""type"":""Point"",""coordinates"":[140.08613380300227,40.287492293016555]}",0
403,20210902T083446,-5.898154941,44.69565286,"{""type"":""Point"",""coordinates"":[140.08628656310592,40.28740386541395]}",1
404,20210902T083446,-7.919466828,39.06349969,"{""type"":""Point"",""coordinates"":[140.08646306651943,40.28727982526013]}",2
405,20210902T083446,-8.853232666,36.46166854,"{""type"":""Point"",""coordinates"":[140.08673974136056,40.2870714879205]}",2
406,20210902T083446,-7.458605667,40.34763632,"{""type"":""Point"",""coordinates"":[140.08694665984854,40.286835875708704]}",1
407,20210902T083446,-5.258555683,46.47782266,"{""type"":""Point"",""coordinates"":[140.08512453094679,40.286900108625154]}",3
408,20210902T083446,-10.56754705,31.68492861,"{""type"":""Point"",""coordinates"":[140.08538320313954,40.286736365128164]}",0
409,20210902T083446,-8.462800667,37.54956241,"{""type"":""Point"",""coordinates"":[140.07332225875575,40.27160936994888]}",2
410,20210902T083446,-10.48455714,31.91617046,"{""type"":""Point"",""coordinates"":[140.07763027449016,40.273126333122335]}",0
411,20210902T083446,-6.614735235,42.69898426,"{""type"":""Point"",""coordinates"":[140.09163722756287,40.3340943621368]}",1
412,20210902T083446,-11.25755067,29.76231286,"{""type"":""Point"",""coordinates"":[140.0915046832864,40.333928097454425]}",0
413,20210902T083446,-10.79801736,31.0427496,"{""type"":""Point"",""coordinates"":[140.02232642256897,40.26833486563949]}",0
414,20210902T083446,-11.28887008,29.67504491,"{""type"":""Point"",""coordinates"":[140.05827003279197,40.285896249416034]}",0
415,20210902T083446,-7.137864062,41.24134593,"{""type"":""Point"",""coordinates"":[140.06310363312906,40.290533346902485]}",1
416,20210902T083446,-5.280587342,46.41643397,"{""type"":""Point"",""coordinates"":[140.0592180467296,40.29285899932924]}",3
417,20210902T083446,-5.456939986,45.92504761,"{""type"":""Point"",""coordinates"":[140.0590502767712,40.29272375585703]}",3
418,20210902T083446,-4.555938021,48.43558599,"{""type"":""Point"",""coordinates"":[140.03383345822778,40.32399451862129]}",3
419,20210902T083446,-2.484996285,54.20602703,"{""type"":""Point"",""coordinates"":[140.03412064933224,40.32391156058407]}",3
420,20210902T083446,-6.7846869,42.22543349,"{""type"":""Point"",""coordinates"":[140.07969904433537,40.324391844598395]}",1
421,20210902T083446,-10.08872637,33.01910738,"{""type"":""Point"",""coordinates"":[140.07930269355495,40.32484079959961]}",0
422,20210902T083446,-9.875489741,33.61326673,"{""type"":""Point"",""coordinates"":[140.07788438233848,40.324219063440886]}",0
423,20210902T083446,-8.226302873,38.20853633,"{""type"":""Point"",""coordinates"":[140.04124065944515,40.32143460748569]}",2
424,20210902T083446,-9.004775273,36.03941249,"{""type"":""Point"",""coordinates"":[140.03923819164172,40.32334773593814]}",2
425,20210902T083446,-6.487604781,43.05321866,"{""type"":""Point"",""coordinates"":[140.03894621651705,40.323341260527584]}",1
426,20210902T083446,-6.321193529,43.51690448,"{""type"":""Point"",""coordinates"":[140.07652475437584,40.32252920289005]}",1
427,20210902T083446,-8.54086083,37.33205675,"{""type"":""Point"",""coordinates"":[140.07678558206328,40.32270973600758]}",2
428,20210902T083446,-9.223040814,35.43124065,"{""type"":""Point"",""coordinates"":[140.0769290509971,40.32293867859612]}",2
429,20210902T083446,-9.391378914,34.96218589,"{""type"":""Point"",""coordinates"":[140.07713112630688,40.32315012144616]}",2
430,20210902T083446,-6.619720638,42.68509301,"{""type"":""Point"",""coordinates"":[140.04562754339372,40.31335923443728]}",1
431,20210902T083446,-6.676783063,42.52609512,"{""type"":""Point"",""coordinates"":[140.04597600425956,40.313527021664406]}",1
432,20210902T083446,-10.20508891,32.69487655,"{""type"":""Point"",""coordinates"":[140.0468465994265,40.31198161925772]}",0
433,20210902T083446,-7.599257115,39.95572724,"{""type"":""Point"",""coordinates"":[140.047142914709,40.3121132830519]}",1
434,20210902T083446,-9.051375456,35.90956643,"{""type"":""Point"",""coordinates"":[140.04820545142388,40.31264803913319]}",2
435,20210902T083446,-7.794263866,39.41236335,"{""type"":""Point"",""coordinates"":[140.04857153763757,40.31280699683654]}",2
436,20210902T083446,-6.435039777,43.19968499,"{""type"":""Point"",""coordinates"":[140.0489493049209,40.312966032585855]}",1
437,20210902T083446,-7.668330434,39.76326237,"{""type"":""Point"",""coordinates"":[140.04044566693273,40.31749497152946]}",2
438,20210902T083446,-8.458014717,37.56289791,"{""type"":""Point"",""coordinates"":[140.0405700601259,40.314849186003414]}",2
439,20210902T083446,-7.070948328,41.42779893,"{""type"":""Point"",""coordinates"":[140.0402624503784,40.31418541783486]}",1
440,20210902T083446,-6.304045695,43.56468494,"{""type"":""Point"",""coordinates"":[140.03987181420274,40.31412909101494]}",1
441,20210902T083446,-10.44668107,32.02170777,"{""type"":""Point"",""coordinates"":[140.03955526334374,40.3142297448405]}",0
442,20210902T083446,-8.75552219,36.73392754,"{""type"":""Point"",""coordinates"":[140.0900677593226,40.28010520214437]}",2
443,20210902T083446,-8.736264085,36.78758804,"{""type"":""Point"",""coordinates"":[140.08910569362106,40.27894110442163]}",2
444,20210902T083446,-9.482562822,34.70811242,"{""type"":""Point"",""coordinates"":[140.08880762339132,40.27844293808057]}",0
445,20210902T083446,-9.282480701,35.26561824,"{""type"":""Point"",""coordinates"":[140.0886584182385,40.278209500999886]}",2
446,20210902T083446,-4.686236446,48.07252441,"{""type"":""Point"",""coordinates"":[140.07921490201753,40.25867837143993]}",3
447,20210902T083446,-5.984921723,44.4538872,"{""type"":""Point"",""coordinates"":[140.0652111409315,40.27145745399509]}",1
448,20210902T083446,-5.757008919,45.08894002,"{""type"":""Point"",""coordinates"":[140.06192641707852,40.284700184434094]}",3
449,20210902T083446,-12.45811171,26.41708755,"{""type"":""Point"",""coordinates"":[140.06161120532514,40.28469808240474]}",4
450,20210902T083446,-7.548334399,40.09761753,"{""type"":""Point"",""coordinates"":[140.05929466212984,40.29637794664082]}",1
451,20210902T083446,-8.900529706,36.32988077,"{""type"":""Point"",""coordinates"":[140.05986209449082,40.296283386430254]}",2
452,20210902T083446,-10.9120406,30.72503694,"{""type"":""Point"",""coordinates"":[140.0596306297944,40.29558888159692]}",0
453,20210902T083446,-9.372813399,35.01391656,"{""type"":""Point"",""coordinates"":[140.0591218400307,40.29566147968796]}",2
454,20210902T083446,-9.737828909,33.99684281,"{""type"":""Point"",""coordinates"":[140.0568786195866,40.29321439011459]}",0
455,20210902T083446,-7.748273018,39.54051156,"{""type"":""Point"",""coordinates"":[140.07932378905863,40.32556965669116]}",2
456,20210902T083446,-7.516291174,40.18690229,"{""type"":""Point"",""coordinates"":[140.0666447902668,40.288182926960296]}",1
457,20210902T083446,-6.971732858,41.70425143,"{""type"":""Point"",""coordinates"":[140.0666237637234,40.287977135498245]}",1
458,20210902T083446,-8.542581124,37.32726334,"{""type"":""Point"",""coordinates"":[140.06748807346642,40.287951564972545]}",2
459,20210902T083446,-6.328108508,43.49763668,"{""type"":""Point"",""coordinates"":[140.06742567713414,40.287790206782596]}",1
460,20210902T083446,-7.363893436,40.61154107,"{""type"":""Point"",""coordinates"":[140.06738079363635,40.287628964495575]}",1
461,20210902T083446,-8.203473062,38.27214897,"{""type"":""Point"",""coordinates"":[140.0665990776893,40.28861181105275]}",2
462,20210902T083446,-6.952511703,41.75780897,"{""type"":""Point"",""coordinates"":[140.0670031342478,40.28850272058618]}",1
463,20210902T083446,-8.226838891,38.20704277,"{""type"":""Point"",""coordinates"":[140.05817136715515,40.29657607759516]}",2
464,20210902T083446,-6.539790003,42.90781053,"{""type"":""Point"",""coordinates"":[140.05809795931668,40.2958468631414]}",1
465,20210902T083446,-7.785644964,39.43637893,"{""type"":""Point"",""coordinates"":[140.0589675054692,40.29486019299679]}",2
466,20210902T083446,-5.438294477,45.97700117,"{""type"":""Point"",""coordinates"":[140.05946446012746,40.2948009284717]}",3
467,20210902T083446,-7.151264157,41.20400811,"{""type"":""Point"",""coordinates"":[140.05923563432472,40.293364305345094]}",1
468,20210902T083446,-10.41331065,32.11469061,"{""type"":""Point"",""coordinates"":[140.05769816342956,40.292003858753866]}",0
469,20210902T083446,-8.697218247,36.89638478,"{""type"":""Point"",""coordinates"":[140.08895084570395,40.2786897486001]}",2
470,20210902T083446,-12.78301623,25.51177846,"{""type"":""Point"",""coordinates"":[140.07294734024558,40.301426480186166]}",4
471,20210902T083446,-5.863861143,44.79120859,"{""type"":""Point"",""coordinates"":[140.02247426306582,40.27696882775146]}",1
472,20210902T083446,-10.92420974,30.69112902,"{""type"":""Point"",""coordinates"":[140.02255987253128,40.2766430666361]}",0
473,20210902T083446,-11.03818763,30.37354274,"{""type"":""Point"",""coordinates"":[140.02249940898594,40.27632969398567]}",0
474,20210902T083446,-6.785904714,42.22204019,"{""type"":""Point"",""coordinates"":[140.02252654616225,40.27601246448365]}",1
475,20210902T083446,-9.29941674,35.21842791,"{""type"":""Point"",""coordinates"":[140.02247748913368,40.27572152522014]}",2
476,20210902T083446,-7.950589242,38.97678066,"{""type"":""Point"",""coordinates"":[140.06038098283258,40.29378773749187]}",2
477,20210902T083446,-11.67154867,28.60875504,"{""type"":""Point"",""coordinates"":[140.0448323825138,40.30941962164281]}",4
478,20210902T083446,-9.942414691,33.42678805,"{""type"":""Point"",""coordinates"":[140.04494003813008,40.30920129212862]}",0
479,20210902T083446,-6.640200922,42.62802705,"{""type"":""Point"",""coordinates"":[140.04505374026303,40.30896512099086]}",1
480,20210902T083446,-6.326248125,43.50282043,"{""type"":""Point"",""coordinates"":[140.04126604307814,40.31226543295078]}",1
481,20210902T083446,-8.173278441,38.35628281,"{""type"":""Point"",""coordinates"":[140.04090070883328,40.31204386785678]}",2
482,20210902T083446,-7.930585812,39.03251792,"{""type"":""Point"",""coordinates"":[140.03900169515947,40.31113223808275]}",2
483,20210902T083446,-5.686323357,45.28589722,"{""type"":""Point"",""coordinates"":[140.03863849346598,40.31122809847364]}",3
484,20210902T083446,-6.9325008,41.81356705,"{""type"":""Point"",""coordinates"":[140.038281339977,40.31130611658443]}",1
485,20210902T083446,-10.03814132,33.1600568,"{""type"":""Point"",""coordinates"":[140.08785958166027,40.33124908576701]}",0
486,20210902T083446,-7.504186758,40.22062985,"{""type"":""Point"",""coordinates"":[140.08763004879933,40.33140407966275]}",1
487,20210902T083446,-6.261719289,43.68262261,"{""type"":""Point"",""coordinates"":[140.08742392940937,40.33155475341318]}",1
488,20210902T083446,-9.119797448,35.71891642,"{""type"":""Point"",""coordinates"":[140.0872234535049,40.33172334586705]}",2
489,20210902T083446,-6.480124009,43.07406296,"{""type"":""Point"",""coordinates"":[140.08709262965337,40.33193262335987]}",1
490,20210902T083446,-6.716020165,42.41676545,"{""type"":""Point"",""coordinates"":[140.04491510017127,40.313354381033605]}",1
491,20210902T083446,-9.126039472,35.70152374,"{""type"":""Point"",""coordinates"":[140.04099886437217,40.31713663754008]}",2
492,20210902T083446,-6.568645718,42.8274074,"{""type"":""Point"",""coordinates"":[140.03776155872023,40.320762485143135]}",1
493,20210902T083446,-7.84685318,39.26582927,"{""type"":""Point"",""coordinates"":[140.02476981928814,40.27340386092506]}",2
494,20210902T083446,-6.216536167,43.80852018,"{""type"":""Point"",""coordinates"":[140.02443094502166,40.27343278728915]}",1
495,20210902T083446,-8.343963651,37.88068809,"{""type"":""Point"",""coordinates"":[140.02464835513348,40.2738009045394]}",2
