,id,longitude,latitude,time,B1,B2,B3,B4,B5,B6,B7,B8,B8A,B9,B11,B12,AOT,WVP,SCL,TCI_R,TCI_G,TCI_B,MSK_CLDPRB,MSK_SNWPRB,QA10,QA20,QA60
1,20211108T012849_20211108T013450_T54TVK,140.0231431973264,40.27160893437077,2021-11-08,134,322,459,672,880,1102,1246,1404,1472,1691,1601,1131,96,765,7,69,47,34,0,0,0,0,0
1,20211108T012849_20211108T013450_T54TVK,140.07991672328274,40.280592087211964,2021-11-08,270,331,570,466,899,1541,1654,1844,1799,1788,1429,937,96,707,4,48,58,33,0,0,0,0,2048
1,20211108T012849_20211108T013450_T54TVK,140.08018621786798,40.2808615817972,2021-11-08,306,292,484,530,877,1298,1477,1572,1577,1893,1490,1041,96,765,7,55,51,30,0,0,0,0,2048
1,20211108T012849_20211108T013450_T54TVK,140.0803658809248,40.28104124485402,2021-11-08,306,338,511,596,885,1134,1271,1470,1503,1893,1520,1134,96,765,7,62,53,34,0,0,0,0,2048
1,20211108T012849_20211108T013450_T54TVK,140.02233471357067,40.275292027035654,2021-11-08,160,377,550,710,971,1347,1508,1926,1684,1667,1733,1251,96,744,5,74,57,39,0,0,0,0,0
1,20211108T012849_20211108T013450_T54TVK,140.02296353426956,40.27924461428578,2021-11-08,190,424,594,737,989,1392,1480,1688,1674,1802,1697,1268,96,765,5,75,61,45,0,0,0,0,0
1,20211108T012849_20211108T013450_T54TVK,140.02206521898543,40.271069945200296,2021-11-08,145,408,651,913,1169,1536,1625,2236,2090,1994,1904,1152,96,796,5,95,67,45,0,0,0,0,0
1,20211108T012849_20211108T013450_T54TVK,140.02233471357067,40.271878428956,2021-11-08,179,326,451,657,1018,1159,1330,1432,1646,1806,1670,1208,96,765,7,66,45,32,0,0,0,0,0
1,20211108T012849_20211108T013450_T54TVK,140.0225143766275,40.27601067926295,2021-11-08,171,426,595,699,1066,1475,1579,2136,1954,1998,1753,1255,96,776,5,72,61,43,0,0,0,0,0
1,20211108T012849_20211108T013450_T54TVK,140.0225143766275,40.276998826075484,2021-11-08,91,214,360,442,832,1308,1519,1744,1836,1893,1560,878,96,706,4,46,37,20,0,0,0,0,0
1,20211108T012849_20211108T013450_T54TVK,140.0226042081559,40.27663949996184,2021-11-08,129,289,448,554,850,1221,1385,1682,1581,1800,1677,1150,96,661,5,57,45,28,0,0,0,0,0
1,20211108T012849_20211108T013450_T54TVK,140.0231431973264,40.27951410887102,2021-11-08,190,464,676,800,1060,1504,1679,1722,1756,1802,1741,1270,96,765,5,83,70,47,0,0,0,0,0
1,20211108T012849_20211108T013450_T54TVK,140.06087243925938,40.28517349516097,2021-11-08,104,349,540,628,1027,1444,1679,2008,1876,2173,1982,1317,96,715,5,64,55,35,0,0,0,0,0
1,20211108T012849_20211108T013450_T54TVK,140.02224488204226,40.27205809201283,2021-11-08,179,438,602,755,1030,1338,1433,1802,1695,1806,1504,1005,96,765,7,77,62,46,0,0,0,0,0
1,20211108T012849_20211108T013450_T54TVK,140.02215505051385,40.27385472258106,2021-11-08,162,435,610,809,1057,1292,1505,1794,1694,1759,1752,1314,96,754,5,83,62,45,0,0,0,0,0
1,20211108T012849_20211108T013450_T54TVK,140.0225143766275,40.2763700053766,2021-11-08,171,364,610,602,1172,1881,2082,2400,2235,1998,1734,1183,96,851,4,63,63,36,0,0,0,0,0
1,20211108T012849_20211108T013450_T54TVK,140.0232330288548,40.2801429295699,2021-11-08,138,469,683,808,1058,1490,1631,1926,1980,1810,1818,1165,96,765,5,83,70,47,0,0,0,0,0
1,20211108T012849_20211108T013450_T54TVK,140.02224488204226,40.27502253245042,2021-11-08,143,358,505,722,937,1134,1309,1696,1563,1663,1701,1263,96,726,5,74,51,37,0,0,0,0,0
1,20211108T012849_20211108T013450_T54TVK,140.05925547174797,40.29640243621247,2021-11-08,121,254,502,447,943,1585,1785,1820,2041,1875,1664,1057,96,765,4,47,52,26,0,0,0,0,0
1,20211108T012849_20211108T013450_T54TVK,140.07030474974266,40.284904000575736,2021-11-08,1,195,278,384,603,842,993,1009,1102,1367,1015,676,96,765,2,39,29,20,0,0,0,0,2048
1,20211108T012849_20211108T013450_T54TVK,140.06743014083347,40.28310737000749,2021-11-08,146,533,794,912,1094,1511,1609,2022,1874,1776,1839,1293,96,845,5,93,81,56,0,0,0,0,0
1,20211108T012849_20211108T013450_T54TVK,140.06743014083347,40.28382602223479,2021-11-08,88,292,473,527,779,1267,1421,1882,1641,1846,1336,876,96,867,4,53,48,31,0,0,0,0,0
1,20211108T012849_20211108T013450_T54TVK,140.0234126919116,40.27385472258106,2021-11-08,165,314,464,711,987,1108,1297,1456,1540,1762,1720,1339,96,665,5,73,48,31,0,0,0,0,0
1,20211108T012849_20211108T013450_T54TVK,140.06518435262316,40.27142927131394,2021-11-08,150,314,455,483,844,1236,1428,1568,1599,2060,1419,919,96,765,7,49,46,32,0,0,0,0,2048
1,20211108T012849_20211108T013450_T54TVK,140.08171335385097,40.284365011405264,2021-11-08,447,561,717,781,1192,1690,1881,2022,2076,2258,1802,1246,96,765,10,80,73,55,0,0,0,0,2048
1,20211108T012849_20211108T013450_T54TVK,140.05808766187863,40.295863447041995,2021-11-08,120,236,493,431,864,1433,1563,1772,1767,1826,1795,1185,96,757,4,44,51,25,0,0,0,0,0
1,20211108T012849_20211108T013450_T54TVK,140.06446570039589,40.27214792354124,2021-11-08,231,507,646,737,1150,1619,1807,1876,1943,2033,2070,1418,96,764,5,75,66,49,0,0,0,0,2048
1,20211108T012849_20211108T013450_T54TVK,140.07704211437354,40.271878428956,2021-11-08,44,233,407,418,796,1232,1407,1448,1500,1583,1220,785,96,712,4,44,42,23,0,0,0,0,0
1,20211108T012849_20211108T013450_T54TVK,140.07713194590195,40.27160893437077,2021-11-08,44,258,400,411,699,1108,1189,1406,1272,1583,1161,773,96,765,2,43,41,26,0,0,0,0,0
1,20211108T012849_20211108T013450_T54TVK,140.06868778223125,40.27178859742759,2021-11-08,47,248,312,422,452,484,561,818,617,1425,1007,720,96,765,2,42,31,26,0,0,0,0,0
1,20211108T012849_20211108T013450_T54TVK,140.06266906982765,40.27376489105265,2021-11-08,186,395,682,550,1193,2046,2246,2758,2484,2391,1839,1141,96,914,4,55,70,42,0,0,0,0,2048
1,20211108T012849_20211108T013450_T54TVK,140.07713194590195,40.278166635944835,2021-11-08,234,506,633,722,1127,1441,1502,1794,1619,1878,1824,1401,96,765,7,74,65,53,0,0,0,0,2048
1,20211108T012849_20211108T013450_T54TVK,140.07767093507243,40.27313607035377,2021-11-08,57,215,411,379,726,1122,1312,1448,1469,1382,1116,755,96,765,4,39,42,23,0,0,0,0,0
1,20211108T012849_20211108T013450_T54TVK,140.0818930169078,40.28526332668938,2021-11-08,424,661,823,896,1345,1661,1810,2002,1936,2231,2068,1465,96,765,10,93,85,66,0,0,0,0,2048
1,20211108T012849_20211108T013450_T54TVK,140.08647442485682,40.287239620314445,2021-11-08,185,378,631,547,999,1564,1722,1922,1856,1881,1541,977,96,765,4,56,65,38,0,0,0,0,2048
1,20211108T012849_20211108T013450_T54TVK,140.06814879306077,40.283915853763204,2021-11-08,50,229,303,460,689,861,949,1080,1254,1469,1265,896,96,765,7,47,31,25,0,0,0,0,0
1,20211108T012849_20211108T013450_T54TVK,140.06662165707777,40.2861616419735,2021-11-08,33,226,441,466,837,1407,1702,1952,1751,1822,1596,966,96,786,4,48,45,22,0,0,0,0,0
1,20211108T012849_20211108T013450_T54TVK,140.05700968353767,40.28705995725762,2021-11-08,78,353,590,609,1068,1804,2078,2048,2291,2325,2008,1244,96,742,4,62,60,35,0,0,0,0,0
1,20211108T012849_20211108T013450_T54TVK,140.05763850423656,40.28553282127462,2021-11-08,270,582,942,1230,1181,1690,2017,2688,2019,2274,2081,1476,96,687,5,125,97,60,0,0,0,0,0
1,20211108T012849_20211108T013450_T54TVK,140.0646453634527,40.28984473463839,2021-11-08,168,336,526,619,1005,1571,1637,1710,2016,1953,1804,1178,96,830,4,64,54,35,0,0,0,0,0
1,20211108T012849_20211108T013450_T54TVK,140.06644199402095,40.289126082411094,2021-11-08,91,265,457,429,898,1360,1652,1642,1805,1743,1595,987,96,765,4,44,47,28,0,0,0,0,0
1,20211108T012849_20211108T013450_T54TVK,140.0667114886062,40.2823887177802,2021-11-08,99,195,350,353,755,1322,1537,1622,1679,1695,1385,866,96,823,4,36,36,20,0,0,0,0,0
1,20211108T012849_20211108T013450_T54TVK,140.05754867270815,40.28714978878603,2021-11-08,68,346,558,594,1118,1745,1998,2216,2224,2213,1967,1218,96,720,4,61,56,37,0,0,0,0,0
1,20211108T012849_20211108T013450_T54TVK,140.0840489735897,40.285083663632555,2021-11-08,384,493,634,731,1040,1326,1451,1616,1555,2138,1808,1271,96,765,10,77,66,50,0,0,0,0,2048
1,20211108T012849_20211108T013450_T54TVK,140.0623995752424,40.27394455410948,2021-11-08,114,310,468,533,963,1505,1683,1738,1889,2263,1667,1072,96,765,4,54,48,32,0,0,0,0,2048
1,20211108T012849_20211108T013450_T54TVK,140.08135402773732,40.28310737000749,2021-11-08,424,404,620,612,934,1548,1719,1908,1840,2302,1363,972,96,765,10,62,62,42,0,0,0,0,2048
1,20211108T012849_20211108T013450_T54TVK,140.06500468956634,40.27313607035377,2021-11-08,111,363,586,610,991,1576,1743,2044,1937,1985,1739,1138,96,715,4,62,60,36,0,0,0,0,2048
1,20211108T012849_20211108T013450_T54TVK,140.08144385926573,40.283017538479086,2021-11-08,424,460,716,711,1100,1638,1832,1938,1948,2302,1579,1083,96,765,10,73,73,47,0,0,0,0,2048
1,20211108T012849_20211108T013450_T54TVK,140.07497598922006,40.27053095602982,2021-11-08,9,341,524,545,896,1377,1615,1816,1730,1595,1349,944,96,908,4,56,54,34,0,0,0,0,0
1,20211108T012849_20211108T013450_T54TVK,140.06527418415158,40.272956407296945,2021-11-08,144,334,659,478,1106,2064,2184,2508,2347,2162,1497,867,96,896,4,49,67,33,0,0,0,0,2048
1,20211108T012849_20211108T013450_T54TVK,140.06958609751536,40.27232758659806,2021-11-08,93,346,485,592,829,1078,1240,1340,1330,1530,1436,1046,96,765,2,61,50,38,0,0,0,0,0
1,20211108T012849_20211108T013450_T54TVK,140.0646453634527,40.27205809201283,2021-11-08,231,321,574,462,966,1675,1848,2182,1970,2033,1600,1018,96,775,4,47,59,32,0,0,0,0,2048
1,20211108T012849_20211108T013450_T54TVK,140.066891151663,40.285802315859854,2021-11-08,73,293,461,532,814,1129,1342,1674,1593,1789,1570,994,96,765,7,54,46,30,0,0,0,0,0
1,20211108T012849_20211108T013450_T54TVK,140.0631182274697,40.290563386865685,2021-11-08,73,331,497,615,846,1338,1492,1836,1651,1755,1538,1009,96,765,7,62,50,35,0,0,0,0,0
1,20211108T012849_20211108T013450_T54TVK,140.05925547174797,40.2928990066044,2021-11-08,109,259,387,475,817,1431,1730,2152,1900,2366,1545,963,96,784,4,49,40,28,0,0,0,0,0
1,20211108T012849_20211108T013450_T54TVK,140.0615910914867,40.28472433751891,2021-11-08,54,370,587,780,1058,1776,1853,2348,2300,1960,1907,1146,96,765,4,81,60,38,0,0,0,0,0
1,20211108T012849_20211108T013450_T54TVK,140.06060294467417,40.28804810407016,2021-11-08,140,348,584,633,1032,1560,1722,2180,2066,2038,1886,1299,96,824,4,66,60,36,0,0,0,0,0
1,20211108T012849_20211108T013450_T54TVK,140.0862947618,40.28741928337127,2021-11-08,222,409,700,612,1049,1714,1932,2162,2047,2053,1604,1036,96,765,4,64,72,42,0,0,0,0,2048
1,20211108T012849_20211108T013450_T54TVK,140.07704211437354,40.27241741812647,2021-11-08,84,237,429,414,822,1343,1585,1866,1757,1721,1501,939,96,765,4,44,45,25,0,0,0,0,0
1,20211108T012849_20211108T013450_T54TVK,140.07704211437354,40.27241741812647,2021-11-08,84,237,429,414,822,1343,1585,1866,1757,1721,1501,939,96,765,4,44,45,25,0,0,0,0,0
1,20211108T012849_20211108T013450_T54TVK,140.07704211437354,40.27214792354124,2021-11-08,84,233,433,405,836,1281,1385,1614,1600,1721,1213,799,96,765,4,42,44,22,0,0,0,0,0
1,20211108T012849_20211108T013450_T54TVK,140.07704211437354,40.27214792354124,2021-11-08,84,233,433,405,836,1281,1385,1614,1600,1721,1213,799,96,765,4,42,44,22,0,0,0,0,0
1,20211108T012849_20211108T013450_T54TVK,140.07506582074848,40.27017162991618,2021-11-08,1,286,391,387,531,894,1006,1316,1123,1429,925,632,96,765,2,39,39,29,0,0,0,0,0
1,20211108T012849_20211108T013450_T54TVK,140.08611509874316,40.287509114899684,2021-11-08,222,390,533,661,910,1161,1284,1400,1542,2053,1559,1112,96,765,7,68,55,41,0,0,0,0,2048
1,20211108T012849_20211108T013450_T54TVK,140.0572791781229,40.28705995725762,2021-11-08,78,321,571,565,1090,1769,2035,2186,2327,2325,2014,1228,96,717,4,58,59,34,0,0,0,0,0
1,20211108T012849_20211108T013450_T54TVK,140.06033345008893,40.29577361551358,2021-11-08,129,275,565,423,974,1756,1848,2052,2141,1897,1733,1039,96,769,4,44,58,27,0,0,0,0,0
1,20211108T012849_20211108T013450_T54TVK,140.07335902170865,40.27160893437077,2021-11-08,1,229,397,356,761,1241,1337,1506,1480,1659,1096,662,96,840,4,38,42,25,0,0,0,0,0
1,20211108T012849_20211108T013450_T54TVK,140.0660826679073,40.28211922319496,2021-11-08,19,288,604,652,1288,1951,2166,2558,2386,1476,1331,844,96,1011,4,66,61,33,2,0,0,0,0
1,20211108T012849_20211108T013450_T54TVK,140.08593543568634,40.28759894642809,2021-11-08,222,430,578,698,910,1161,1284,1600,1542,2053,1559,1112,96,765,7,71,59,43,0,0,0,0,2048
1,20211108T012849_20211108T013450_T54TVK,140.0856659411011,40.28777860948492,2021-11-08,222,426,618,544,962,1527,1658,1920,1837,2053,1571,1023,96,765,7,56,63,45,0,0,0,0,2048
1,20211108T012849_20211108T013450_T54TVK,140.08512695193062,40.2868802942008,2021-11-08,341,432,603,697,1211,1683,1819,1906,2016,2096,1970,1411,96,753,5,71,62,44,0,0,0,0,2048
1,20211108T012849_20211108T013450_T54TVK,140.06437586886747,40.28310737000749,2021-11-08,52,205,398,318,620,1581,1881,2744,2134,1706,935,509,96,1035,4,34,42,21,0,0,0,0,0
1,20211108T012849_20211108T013450_T54TVK,140.06033345008893,40.28481416904732,2021-11-08,84,350,584,649,1058,1635,1901,2276,2002,2137,1907,1258,96,837,5,66,60,35,0,0,0,0,0
1,20211108T012849_20211108T013450_T54TVK,140.06033345008893,40.28562265280303,2021-11-08,109,381,594,680,1123,1531,1736,2018,1986,1949,1710,1076,96,725,5,70,61,39,0,0,0,0,0
1,20211108T012849_20211108T013450_T54TVK,140.07758110354402,40.2786157935869,2021-11-08,159,371,572,554,829,1288,1411,1742,1579,1615,1317,881,96,765,7,57,60,38,0,0,0,0,2048
1,20211108T012849_20211108T013450_T54TVK,140.06213008065717,40.27277674424012,2021-11-08,186,360,674,583,1164,1843,2037,2640,2322,2221,1842,1126,96,783,4,60,69,37,0,0,0,0,2048
1,20211108T012849_20211108T013450_T54TVK,140.0676098038903,40.28831759865539,2021-11-08,51,246,436,417,851,1353,1531,1632,1807,1840,1502,918,96,777,4,44,45,25,0,0,0,0,0
1,20211108T012849_20211108T013450_T54TVK,140.06374704816858,40.28113107638243,2021-11-08,70,268,404,466,718,1166,1305,1388,1392,2096,1150,702,96,765,2,48,42,29,0,0,0,0,0
1,20211108T012849_20211108T013450_T54TVK,140.06725047777664,40.283646359177965,2021-11-08,61,208,371,457,806,1350,1532,1534,1799,1744,1403,897,96,871,4,46,38,22,0,0,0,0,0
1,20211108T012849_20211108T013450_T54TVK,140.0609622707878,40.28445484293368,2021-11-08,84,280,471,572,968,1458,1682,2262,2037,2137,1881,1158,96,828,4,59,48,29,0,0,0,0,0
1,20211108T012849_20211108T013450_T54TVK,140.06248940677082,40.29020406075204,2021-11-08,591,304,420,583,833,1142,1298,1166,1481,1850,1622,1152,96,765,5,61,43,32,0,0,0,0,0
1,20211108T012849_20211108T013450_T54TVK,140.06446570039589,40.291282039092984,2021-11-08,109,319,431,659,946,1139,1386,1292,1532,1713,1593,1104,96,765,5,68,45,33,0,0,0,0,0
1,20211108T012849_20211108T013450_T54TVK,140.0225143766275,40.27574118467771,2021-11-08,158,287,470,615,912,1217,1460,1668,1599,1744,1664,1193,96,704,5,64,47,32,0,0,0,0,0
1,20211108T012849_20211108T013450_T54TVK,140.02233471357067,40.268374999347934,2021-11-08,294,353,528,722,1287,1604,1854,2026,2023,1806,2163,1597,96,765,5,73,54,37,0,0,0,0,0
1,20211108T012849_20211108T013450_T54TVK,140.02233471357067,40.27421404869471,2021-11-08,204,467,592,834,1050,1237,1440,1764,1603,1689,1616,1203,96,765,7,84,60,48,0,0,0,0,0
1,20211108T012849_20211108T013450_T54TVK,140.05772833576498,40.29200069132028,2021-11-08,138,401,574,706,1014,1332,1505,1964,1685,2489,1965,1368,96,668,5,71,58,41,0,0,0,0,0
1,20211108T012849_20211108T013450_T54TVK,140.06662165707777,40.28310737000749,2021-11-08,118,215,474,405,894,1666,1865,2360,2151,1628,1422,836,96,907,4,42,49,21,0,0,0,0,0
1,20211108T012849_20211108T013450_T54TVK,140.06805896153236,40.284095516820024,2021-11-08,13,326,457,555,876,1604,1754,1686,2106,1828,1426,894,96,983,4,58,48,31,0,0,0,0,0
1,20211108T012849_20211108T013450_T54TVK,140.08539644651586,40.28670063114397,2021-11-08,341,458,551,691,904,1178,1364,1522,1461,2096,1600,1147,96,765,7,72,57,44,0,0,0,0,2048
1,20211108T012849_20211108T013450_T54TVK,140.06725047777664,40.28355652764956,2021-11-08,61,219,402,366,806,1350,1532,1792,1799,1744,1403,897,96,871,4,37,40,23,0,0,0,0,0
1,20211108T012849_20211108T013450_T54TVK,140.0827015006635,40.283466696121145,2021-11-08,486,596,854,794,1174,1631,1760,2112,1997,2334,1928,1347,96,765,10,82,88,61,0,0,0,0,2048
1,20211108T012849_20211108T013450_T54TVK,140.05916564021956,40.285353158217795,2021-11-08,133,371,527,730,954,1206,1398,1604,1581,1951,2026,1511,96,650,5,76,54,38,0,0,0,0,0
1,20211108T012849_20211108T013450_T54TVK,140.0648250265095,40.271968260484414,2021-11-08,147,341,525,462,976,1612,1776,2084,2008,2031,1551,948,96,795,4,47,55,35,0,0,0,0,2048
1,20211108T012849_20211108T013450_T54TVK,140.06500468956634,40.27169876589918,2021-11-08,150,335,549,446,1011,1817,1973,2246,2197,2060,1454,896,96,930,4,46,56,35,0,0,0,0,2048
1,20211108T012849_20211108T013450_T54TVK,140.069945423629,40.273405564939004,2021-11-08,139,259,534,335,982,1935,2143,2532,2300,2011,1363,779,96,1012,4,35,55,27,0,0,0,0,0
1,20211108T012849_20211108T013450_T54TVK,140.05826732493546,40.28589214738827,2021-11-08,224,586,798,869,1076,1640,1701,2048,1953,2182,1884,1376,96,745,5,89,82,61,0,0,0,0,0
1,20211108T012849_20211108T013450_T54TVK,140.05907580869115,40.292719343547574,2021-11-08,109,374,623,565,1204,2135,2293,2552,2542,2366,1729,1009,96,875,4,58,64,39,0,0,0,0,0
1,20211108T012849_20211108T013450_T54TVK,140.06177075454352,40.29577361551358,2021-11-08,141,349,539,598,1017,1630,1835,2066,2067,1877,1691,1086,96,623,4,61,55,33,0,0,0,0,2048
1,20211108T012849_20211108T013450_T54TVK,140.0606927762026,40.29676176232611,2021-11-08,151,416,674,669,1072,1709,1805,2128,2028,2065,1731,1096,96,721,4,68,69,43,0,0,0,0,2048
1,20211108T012849_20211108T013450_T54TVK,140.0606927762026,40.29424647953058,2021-11-08,109,262,494,431,918,1417,1514,1816,1812,1917,1592,991,96,765,4,44,52,27,0,0,0,0,0
1,20211108T012849_20211108T013450_T54TVK,140.05988429244687,40.296312604684054,2021-11-08,119,331,562,458,927,1968,1952,2404,2445,2074,1528,870,96,825,4,47,58,33,0,0,0,0,0
1,20211108T012849_20211108T013450_T54TVK,140.0600639555037,40.29451597411581,2021-11-08,133,290,553,444,961,1695,1892,2046,2061,2029,1703,1070,96,783,4,46,57,29,0,0,0,0,0
1,20211108T012849_20211108T013450_T54TVK,140.05925547174797,40.29334816424646,2021-11-08,120,305,482,610,886,1221,1498,1708,1611,1890,1682,1140,96,633,5,62,49,31,0,0,0,0,0
1,20211108T012849_20211108T013450_T54TVK,140.05817749340704,40.29658209926929,2021-11-08,117,313,480,556,842,1232,1341,1648,1662,1903,1749,1106,96,622,4,57,49,32,0,0,0,0,0
1,20211108T012849_20211108T013450_T54TVK,140.05898597716273,40.294875300229464,2021-11-08,106,273,549,417,943,1600,1759,2060,2001,1970,1751,1090,96,754,4,43,56,27,0,0,0,0,0
1,20211108T012849_20211108T013450_T54TVK,140.08692358249886,40.2868802942008,2021-11-08,185,401,510,647,875,1106,1200,1438,1304,1881,1549,1084,95,765,7,66,52,41,0,0,0,0,2048
1,20211108T012849_20211108T013450_T54TVK,140.08674391944203,40.28705995725762,2021-11-08,185,402,481,652,861,1123,1178,1166,1328,1881,1561,1135,96,765,7,67,49,42,0,0,0,0,2048
1,20211108T012849_20211108T013450_T54TVK,140.05961479786163,40.295593952456755,2021-11-08,116,276,517,461,945,1487,1543,1812,1837,2050,1761,1158,96,709,4,48,53,29,0,0,0,0,0
1,20211108T012849_20211108T013450_T54TVK,140.0645555319243,40.274663206336776,2021-11-08,245,262,419,412,1001,1625,1794,1994,1842,2310,1860,1192,96,765,7,42,42,24,0,0,0,0,2048
1,20211108T012849_20211108T013450_T54TVK,140.02287370274115,40.27879545664372,2021-11-08,168,339,524,691,946,1199,1405,1514,1618,1877,1748,1265,96,707,5,72,54,34,0,0,0,0,0
1,20211108T012849_20211108T013450_T54TVK,140.07731160895878,40.27978360345625,2021-11-08,285,338,463,466,837,1334,1432,1546,1614,1825,1544,1057,96,765,7,48,48,35,0,0,0,0,2048
1,20211108T012849_20211108T013450_T54TVK,140.07785059812926,40.27879545664372,2021-11-08,159,363,520,469,678,916,1007,1308,1154,1615,1247,947,96,765,2,48,53,37,0,0,0,0,2048
1,20211108T012849_20211108T013450_T54TVK,140.06895727681646,40.28714978878603,2021-11-08,8,182,456,267,794,1712,1935,2386,2165,2480,1360,772,96,733,4,28,47,19,0,0,0,0,2048
1,20211108T012849_20211108T013450_T54TVK,140.068418287646,40.28373619070638,2021-11-08,94,244,343,441,673,977,1121,1318,1250,1700,1225,856,96,765,2,45,35,27,0,0,0,0,0
1,20211108T012849_20211108T013450_T54TVK,140.06293856441286,40.27358522799583,2021-11-08,186,422,639,692,1077,1526,1672,1852,1906,2391,1888,1297,96,765,7,70,65,45,0,0,0,0,2048
1,20211108T012849_20211108T013450_T54TVK,140.0562910313104,40.28598197891668,2021-11-08,109,322,518,564,892,1250,1460,1814,1674,1973,1767,1266,96,635,5,58,53,32,0,0,0,0,0
1,20211108T012849_20211108T013450_T54TVK,140.06195041760034,40.28472433751891,2021-11-08,18,290,508,609,778,1396,1574,2332,1729,1789,1343,801,96,741,4,63,52,29,0,0,0,0,0
1,20211108T012849_20211108T013450_T54TVK,140.05916564021956,40.29568378398517,2021-11-08,107,264,562,405,1022,1778,1824,2202,2163,1927,1749,1106,96,782,4,42,59,27,0,0,0,0,0
1,20211108T012849_20211108T013450_T54TVK,140.06024361856052,40.295144794814696,2021-11-08,102,308,508,486,891,1314,1514,1780,1637,1957,1576,1013,96,765,4,49,52,32,0,0,0,0,0
1,20211108T012849_20211108T013450_T54TVK,140.06051311314576,40.296312604684054,2021-11-08,151,338,460,550,849,1255,1337,1340,1594,2065,1702,1184,96,599,5,56,47,35,0,0,0,0,2048
1,20211108T012849_20211108T013450_T54TVK,140.05988429244687,40.29388715341693,2021-11-08,109,300,526,472,1041,1836,1869,2068,2193,1937,1894,1219,96,872,4,48,53,30,0,0,0,0,0
1,20211108T012849_20211108T013450_T54TVK,140.0594351348048,40.29478546870105,2021-11-08,106,265,527,449,942,1528,1770,1886,1934,1970,1718,1077,96,791,4,47,54,27,0,0,0,0,0
1,20211108T012849_20211108T013450_T54TVK,140.05691985200926,40.29316850118963,2021-11-08,133,337,648,546,1232,2040,2178,2540,2475,2411,1864,1119,96,785,4,56,66,35,0,0,0,0,0
1,20211108T012849_20211108T013450_T54TVK,140.06743014083347,40.282478549308614,2021-11-08,54,224,312,408,643,869,984,1030,1116,1427,1159,777,96,765,2,41,32,23,0,0,0,0,0
1,20211108T012849_20211108T013450_T54TVK,140.07946756564067,40.25463077550091,2021-11-08,69,252,524,438,1015,1642,1903,2122,2096,2032,1777,1085,96,910,4,45,54,26,0,0,0,0,0
1,20211108T012849_20211108T013450_T54TVK,140.07919807105543,40.258673194279446,2021-11-08,47,194,563,332,872,2276,2366,3414,2582,1941,1392,794,96,1210,4,35,58,20,0,0,0,0,0
1,20211108T012849_20211108T013450_T54TVK,140.02215505051385,40.27349539646742,2021-11-08,148,360,477,729,939,1112,1278,1550,1537,1608,1681,1277,96,642,5,75,49,38,0,0,0,0,0
1,20211108T012849_20211108T013450_T54TVK,140.06536401568,40.272507249654886,2021-11-08,144,307,487,497,918,1460,1592,1614,1765,2162,1529,978,96,774,4,48,49,34,0,0,0,0,2048
1,20211108T012849_20211108T013450_T54TVK,140.06347755358334,40.28122090791084,2021-11-08,70,289,491,462,937,1513,1666,2018,1946,2096,1467,863,96,906,4,47,50,32,0,0,0,0,0
1,20211108T012849_20211108T013450_T54TVK,140.08934903376598,40.28149040249608,2021-11-08,125,327,491,461,813,1446,1460,1680,1719,1712,1328,867,96,765,4,47,50,33,0,0,0,0,2048
1,20211108T012849_20211108T013450_T54TVK,140.06338772205493,40.28149040249608,2021-11-08,70,324,574,598,960,1369,1636,2366,1802,2096,1778,1229,96,761,5,61,59,35,0,0,0,0,0
1,20211108T012849_20211108T013450_T54TVK,140.0632080589981,40.28184972860973,2021-11-08,105,284,473,609,808,1220,1395,1632,1509,1870,1676,1203,96,737,5,62,49,30,0,0,0,0,0
1,20211108T012849_20211108T013450_T54TVK,140.0639267112254,40.28211922319496,2021-11-08,129,266,434,492,821,1321,1415,1596,1652,1977,1598,1062,96,835,5,50,45,28,0,0,0,0,0
1,20211108T012849_20211108T013450_T54TVK,140.0632080589981,40.28211922319496,2021-11-08,105,274,385,459,845,1123,1357,1800,1591,1870,1599,1116,96,737,5,46,40,28,0,0,0,0,0
1,20211108T012849_20211108T013450_T54TVK,140.063836879697,40.28229888625179,2021-11-08,125,357,481,579,902,1371,1526,1790,1695,1464,1734,1214,96,835,5,59,49,37,0,0,0,0,0
1,20211108T012849_20211108T013450_T54TVK,140.087821897783,40.28274804389385,2021-11-08,164,412,502,626,865,1188,1322,1510,1427,1856,1545,1122,96,765,2,64,52,41,0,0,0,0,2048
1,20211108T012849_20211108T013450_T54TVK,140.08755240319775,40.28292770695067,2021-11-08,164,403,589,565,959,1460,1541,1770,1862,1856,1642,1069,96,765,7,57,59,41,0,0,0,0,2048
1,20211108T012849_20211108T013450_T54TVK,140.06823862458918,40.287688777956504,2021-11-08,23,162,396,266,859,1684,1933,1954,2032,2125,1489,877,96,800,4,28,41,15,0,0,0,0,0
1,20211108T012849_20211108T013450_T54TVK,140.06599283637888,40.28876675629745,2021-11-08,91,277,463,416,819,1348,1536,1744,1643,1743,1486,948,96,729,4,43,48,29,0,0,0,0,0
1,20211108T012849_20211108T013450_T54TVK,140.0661724994357,40.288946419354275,2021-11-08,91,263,485,479,826,1346,1349,1926,1625,1743,1478,931,96,683,4,48,50,28,0,0,0,0,0
1,20211108T012849_20211108T013450_T54TVK,140.0704844127995,40.290563386865685,2021-11-08,122,294,634,509,1106,1836,2047,2714,2347,2181,1830,1192,96,859,4,50,64,35,0,0,0,0,2048
1,20211108T012849_20211108T013450_T54TVK,140.0706640758563,40.290832881450925,2021-11-08,122,280,472,557,801,1429,1625,1420,1651,2181,1668,1185,96,726,5,57,49,28,0,0,0,0,2048
1,20211108T012849_20211108T013450_T54TVK,140.05763850423656,40.29101254450775,2021-11-08,144,384,535,717,963,1297,1421,1504,1700,1859,1835,1261,96,510,5,73,55,40,0,0,0,0,0
1,20211108T012849_20211108T013450_T54TVK,140.07174205419724,40.29110237603616,2021-11-08,318,390,554,657,1079,1648,1745,1848,2009,2252,1880,1256,96,719,4,67,57,42,0,0,0,0,2048
1,20211108T012849_20211108T013450_T54TVK,140.0706640758563,40.29119220756457,2021-11-08,147,301,485,480,836,1376,1499,1868,1701,2054,1486,981,96,726,4,50,51,31,0,0,0,0,2048
1,20211108T012849_20211108T013450_T54TVK,140.05826732493546,40.29119220756457,2021-11-08,174,348,552,617,1016,1496,1569,1776,1894,2049,2030,1338,96,589,5,63,57,37,0,0,0,0,0
1,20211108T012849_20211108T013450_T54TVK,140.05709951506608,40.291282039092984,2021-11-08,98,381,610,705,1010,1478,1733,2078,1859,1945,1875,1269,96,555,5,71,62,39,0,0,0,0,0
1,20211108T012849_20211108T013450_T54TVK,140.0698555921006,40.2913718706214,2021-11-08,150,269,479,449,832,1446,1577,1782,1785,2183,1491,943,96,655,4,47,50,28,0,0,0,0,2048
1,20211108T012849_20211108T013450_T54TVK,140.0708437389131,40.2913718706214,2021-11-08,237,318,450,509,848,1282,1400,1694,1687,2069,1525,1017,96,765,7,52,46,33,0,0,0,0,2048
1,20211108T012849_20211108T013450_T54TVK,140.0579079988218,40.2913718706214,2021-11-08,159,383,604,624,1086,1803,2060,2164,2264,2586,2143,1375,96,713,4,65,62,38,0,0,0,0,0
1,20211108T012849_20211108T013450_T54TVK,140.0721013803109,40.291551533678216,2021-11-08,272,293,518,577,1047,1646,1873,2142,2039,1991,1802,1170,96,636,4,58,52,30,0,0,0,0,2048
1,20211108T012849_20211108T013450_T54TVK,140.069945423629,40.291551533678216,2021-11-08,131,239,491,443,922,1521,1710,1996,2015,2208,1501,907,96,686,4,46,50,24,0,0,0,0,2048
1,20211108T012849_20211108T013450_T54TVK,140.05674018895246,40.291551533678216,2021-11-08,119,341,561,678,1074,1871,2120,1694,2291,2692,2101,1368,96,845,4,70,57,35,0,0,0,0,0
1,20211108T012849_20211108T013450_T54TVK,140.0704844127995,40.29164136520663,2021-11-08,133,270,510,416,975,1946,2151,2426,2368,2107,1449,873,96,796,4,43,52,25,0,0,0,0,2048
1,20211108T012849_20211108T013450_T54TVK,140.07093357044153,40.29173119673504,2021-11-08,188,276,537,446,1057,2017,2240,2364,2447,2076,1444,862,96,796,4,46,55,28,0,0,0,0,2048
1,20211108T012849_20211108T013450_T54TVK,140.07012508668583,40.29191085979187,2021-11-08,133,282,478,469,867,1450,1672,1748,1868,2107,1497,966,96,754,4,47,48,29,0,0,0,0,2048
1,20211108T012849_20211108T013450_T54TVK,140.0706640758563,40.29209052284869,2021-11-08,183,355,573,714,990,1411,1547,1766,1823,1873,1694,1119,96,630,5,73,59,39,0,0,0,0,2048
1,20211108T012849_20211108T013450_T54TVK,140.07353868476548,40.292270185905515,2021-11-08,406,447,673,815,967,1215,1397,1470,1535,2069,1558,1120,96,765,10,84,69,45,0,0,0,0,2048
1,20211108T012849_20211108T013450_T54TVK,140.05674018895246,40.29244984896234,2021-11-08,125,333,627,592,1146,1807,2036,2178,2302,2139,1956,1191,96,781,4,61,64,34,0,0,0,0,0
1,20211108T012849_20211108T013450_T54TVK,140.07326919018024,40.29262951201916,2021-11-08,382,431,573,748,969,1227,1460,1462,1465,2178,1507,1120,96,765,10,77,59,44,0,0,0,0,2048
1,20211108T012849_20211108T013450_T54TVK,140.05880631410594,40.29253968049075,2021-11-08,109,319,628,440,1102,2120,2318,2828,2565,2366,1738,1005,96,684,4,45,64,33,0,0,0,0,0
1,20211108T012849_20211108T013450_T54TVK,140.0572791781229,40.292719343547574,2021-11-08,125,329,475,655,953,1191,1428,1506,1557,2139,1760,1246,96,540,5,67,48,33,0,0,0,0,0
1,20211108T012849_20211108T013450_T54TVK,140.07326919018024,40.2928990066044,2021-11-08,382,400,675,706,1034,1541,1533,1910,1919,2178,1627,1128,96,765,10,72,69,40,0,0,0,0,2048
1,20211108T012849_20211108T013450_T54TVK,140.07255053795296,40.2928990066044,2021-11-08,309,269,425,518,774,1171,1248,1388,1439,2139,1333,928,96,765,7,53,44,28,0,0,0,0,2048
1,20211108T012849_20211108T013450_T54TVK,140.0721912118393,40.29325833271805,2021-11-08,301,240,432,434,756,1230,1293,1404,1496,2190,1404,968,96,730,7,45,44,24,0,0,0,0,2048
1,20211108T012849_20211108T013450_T54TVK,140.07317935865183,40.29334816424646,2021-11-08,365,370,620,579,970,1473,1634,1768,1800,2230,1440,982,96,765,10,58,62,38,0,0,0,0,2048
1,20211108T012849_20211108T013450_T54TVK,140.0721013803109,40.29343799577487,2021-11-08,219,304,536,470,872,1606,1755,2170,1926,1875,1458,945,96,656,4,49,56,30,0,0,0,0,2048
1,20211108T012849_20211108T013450_T54TVK,140.0729098640666,40.29361765883169,2021-11-08,365,317,520,565,896,1359,1521,1506,1674,2230,1417,991,96,765,10,58,53,33,0,0,0,0,2048
1,20211108T012849_20211108T013450_T54TVK,140.07201154878248,40.29379732188852,2021-11-08,233,222,490,420,839,1437,1615,1766,1794,2031,1428,890,96,685,4,43,50,23,0,0,0,0,2048
1,20211108T012849_20211108T013450_T54TVK,140.05665035742405,40.293707490360106,2021-11-08,123,350,651,515,1112,1872,2116,2928,2512,2289,2004,1172,96,769,4,52,66,36,0,0,0,0,0
1,20211108T012849_20211108T013450_T54TVK,140.07273020100976,40.29388715341693,2021-11-08,295,281,563,541,888,1291,1418,1782,1607,2258,1428,1026,96,765,7,55,58,30,0,0,0,0,2048
1,20211108T012849_20211108T013450_T54TVK,140.07129289655518,40.29406681647375,2021-11-08,225,308,487,527,827,1210,1339,1584,1504,1908,1450,1009,96,642,7,53,50,31,0,0,0,0,2048
1,20211108T012849_20211108T013450_T54TVK,140.07183188572566,40.294156648002165,2021-11-08,233,289,511,554,941,1428,1517,1628,1711,2031,1410,948,96,711,7,56,52,28,0,0,0,0,2048
1,20211108T012849_20211108T013450_T54TVK,140.07264036948138,40.29424647953058,2021-11-08,303,307,539,504,925,1411,1564,1662,1740,2250,1494,1016,96,765,7,52,55,33,0,0,0,0,2048
1,20211108T012849_20211108T013450_T54TVK,140.07120306502676,40.294426142587405,2021-11-08,223,265,470,448,880,1490,1645,1762,1817,1980,1459,977,96,719,4,47,49,26,0,0,0,0,2048
1,20211108T012849_20211108T013450_T54TVK,140.07183188572566,40.29451597411581,2021-11-08,271,545,801,1012,1434,1778,1960,2214,2293,2272,1810,1244,96,765,7,102,82,55,0,0,0,0,2048
1,20211108T012849_20211108T013450_T54TVK,140.07228104336772,40.294605805644224,2021-11-08,303,416,629,602,1133,2080,2226,2014,2437,2250,1664,1053,96,761,4,63,65,42,0,0,0,0,2048
1,20211108T012849_20211108T013450_T54TVK,140.08701341402727,40.29469563717264,2021-11-08,173,446,550,705,916,1094,1248,1346,1414,1829,1454,1045,95,765,2,72,56,47,0,0,0,0,2048
1,20211108T012849_20211108T013450_T54TVK,140.07255053795296,40.29469563717264,2021-11-08,303,419,597,633,1014,1689,1820,1866,2025,2250,1663,1136,96,761,4,65,61,44,0,0,0,0,2048
1,20211108T012849_20211108T013450_T54TVK,140.07282003253817,40.29469563717264,2021-11-08,303,438,609,594,1002,1558,1745,1980,1940,2250,1624,1119,96,765,4,61,62,45,0,0,0,0,2048
1,20211108T012849_20211108T013450_T54TVK,140.0736285162939,40.294875300229464,2021-11-08,311,470,750,600,1097,1885,1907,2476,2064,2018,1435,903,96,765,10,61,77,48,1,0,0,0,2048
1,20211108T012849_20211108T013450_T54TVK,140.07156239114042,40.29478546870105,2021-11-08,307,322,479,477,868,1615,1867,1746,1948,2078,1453,927,96,603,4,50,50,31,0,0,0,0,2048
1,20211108T012849_20211108T013450_T54TVK,140.07326919018024,40.294875300229464,2021-11-08,312,448,654,614,939,1573,1592,2078,1794,2169,1495,993,96,765,10,63,67,45,0,0,0,0,2048
1,20211108T012849_20211108T013450_T54TVK,140.0585368195207,40.294875300229464,2021-11-08,118,315,501,506,872,1252,1479,1766,1609,1875,1810,1245,96,629,5,52,51,32,0,0,0,0,0
1,20211108T012849_20211108T013450_T54TVK,140.07255053795296,40.29505496328628,2021-11-08,324,397,612,491,1022,1832,2152,2144,2171,2267,1621,1051,96,739,4,50,63,42,0,0,0,0,2048
1,20211108T012849_20211108T013450_T54TVK,140.0721912118393,40.29505496328628,2021-11-08,324,365,614,505,1059,1894,2048,2130,2228,2267,1613,1007,96,732,4,52,63,39,0,0,0,0,2048
1,20211108T012849_20211108T013450_T54TVK,140.07165222266883,40.29523462634311,2021-11-08,307,347,597,517,935,1562,1793,2120,1870,2078,1511,1032,96,587,4,52,60,37,0,0,0,0,2048
1,20211108T012849_20211108T013450_T54TVK,140.0766827882599,40.295414289399936,2021-11-08,144,485,563,623,872,1162,1233,1374,1336,1726,1424,1010,96,765,2,64,58,50,0,0,0,0,2048
1,20211108T012849_20211108T013450_T54TVK,140.0721912118393,40.29568378398517,2021-11-08,338,363,520,560,902,1407,1618,1664,1787,2098,1487,1002,96,607,4,57,53,37,0,0,0,0,2048
1,20211108T012849_20211108T013450_T54TVK,140.0586266510491,40.29577361551358,2021-11-08,120,269,517,430,901,1438,1561,1882,1791,1826,1741,1149,96,723,4,44,53,29,0,0,0,0,0
1,20211108T012849_20211108T013450_T54TVK,140.0766827882599,40.29595327857041,2021-11-08,121,422,540,590,811,1005,1054,1444,1198,1687,1319,897,96,765,2,60,55,42,0,0,0,0,2048
1,20211108T012849_20211108T013450_T54TVK,140.07228104336772,40.296043110098815,2021-11-08,410,380,586,503,909,1554,1825,2100,1899,2182,1531,998,96,659,4,51,59,39,0,0,0,0,2048
1,20211108T012849_20211108T013450_T54TVK,140.05772833576498,40.295863447041995,2021-11-08,118,313,525,468,964,1528,1719,1882,1936,1840,1796,1183,96,708,4,48,54,32,0,0,0,0,0
1,20211108T012849_20211108T013450_T54TVK,140.05745884117974,40.29595327857041,2021-11-08,118,325,477,600,924,1281,1458,1860,1715,1840,1779,1161,96,633,5,61,49,34,0,0,0,0,0
1,20211108T012849_20211108T013450_T54TVK,140.0767726197883,40.29622277315564,2021-11-08,121,369,505,507,825,1200,1291,1472,1346,1687,1529,1054,96,765,7,52,52,38,0,0,0,0,2048
1,20211108T012849_20211108T013450_T54TVK,140.07111323349835,40.29622277315564,2021-11-08,314,357,616,573,1108,1694,1886,1958,2022,2201,1657,1109,96,765,4,58,63,39,0,0,0,0,2048
1,20211108T012849_20211108T013450_T54TVK,140.0704844127995,40.29622277315564,2021-11-08,316,446,625,673,1026,1496,1692,1784,1816,2252,1714,1199,96,765,7,69,64,45,0,0,0,0,2048
1,20211108T012849_20211108T013450_T54TVK,140.07237087489614,40.29640243621247,2021-11-08,495,435,586,641,1093,1577,1641,1650,1919,2426,1797,1261,96,765,10,66,60,45,0,0,0,0,2048
1,20211108T012849_20211108T013450_T54TVK,140.0593453032764,40.29694142538294,2021-11-08,134,357,556,747,1057,1556,1728,2056,2050,2001,2089,1309,96,719,5,74,56,39,0,0,0,0,0
1,20211108T012849_20211108T013450_T54TVK,140.05898597716273,40.29694142538294,2021-11-08,134,390,618,658,1058,1530,1758,2214,2108,2001,2019,1237,96,761,4,66,62,42,0,0,0,0,0
1,20211108T012849_20211108T013450_T54TVK,140.07156239114042,40.297031256911346,2021-11-08,375,425,613,617,1023,1569,1704,2042,1980,2321,1557,1061,96,765,10,63,63,45,0,0,0,0,2048
1,20211108T012849_20211108T013450_T54TVK,140.07641329367468,40.297390583025,2021-11-08,202,323,518,412,868,1587,1678,1928,1948,1957,1385,853,96,714,4,42,53,34,0,0,0,0,2048
1,20211108T012849_20211108T013450_T54TVK,140.07192171725407,40.297480414553405,2021-11-08,360,501,656,684,1068,1617,1856,2164,1974,2245,1513,1029,96,765,10,71,67,50,0,0,0,0,2048
1,20211108T012849_20211108T013450_T54TVK,140.0585368195207,40.297390583025,2021-11-08,128,337,557,554,972,1507,1648,2102,1968,1960,1657,1024,96,765,4,57,57,35,0,0,0,0,0
1,20211108T012849_20211108T013450_T54TVK,140.07542514686213,40.29766007761023,2021-11-08,410,486,587,556,953,1671,1776,1912,1951,2234,1436,902,96,765,10,56,59,50,0,0,0,0,2048
1,20211108T012849_20211108T013450_T54TVK,140.0721013803109,40.29766007761023,2021-11-08,360,484,692,668,1168,1773,1989,2192,2152,2245,1642,1076,96,765,10,69,72,50,1,0,0,0,2048
1,20211108T012849_20211108T013450_T54TVK,140.05880631410594,40.29757024608182,2021-11-08,159,386,597,566,1017,1575,1633,2278,2054,2100,1748,1084,96,765,4,59,62,40,0,0,0,0,0
1,20211108T012849_20211108T013450_T54TVK,140.07228104336772,40.29783974066706,2021-11-08,413,446,744,577,1176,1925,2062,2388,2283,2382,1586,1016,96,765,10,60,76,44,1,0,0,0,2048
1,20211108T012849_20211108T013450_T54TVK,140.07012508668583,40.298199066780704,2021-11-08,302,376,530,558,897,1265,1451,1528,1567,2035,1399,965,96,765,10,56,54,40,0,0,0,0,2048
1,20211108T012849_20211108T013450_T54TVK,140.0765031252031,40.29828889830912,2021-11-08,207,343,550,456,808,1551,1843,2182,1820,1977,1174,733,96,765,10,47,56,35,0,0,0,0,2048
1,20211108T012849_20211108T013450_T54TVK,140.0729098640666,40.29837872983753,2021-11-08,360,547,736,790,997,1521,1594,2092,1819,2267,1511,958,96,765,10,81,75,55,1,0,0,0,2048
1,20211108T012849_20211108T013450_T54TVK,140.07012508668583,40.29846856136594,2021-11-08,302,427,581,595,915,1309,1421,1630,1644,2035,1439,980,96,765,10,61,60,44,0,0,0,0,2048
1,20211108T012849_20211108T013450_T54TVK,140.07326919018024,40.29855839289435,2021-11-08,376,512,645,647,996,1478,1575,2098,1821,2225,1489,915,96,765,10,65,65,55,0,0,0,0,2048
1,20211108T012849_20211108T013450_T54TVK,140.06868778223125,40.29855839289435,2021-11-08,400,404,579,601,1014,1536,1593,1638,1853,2198,1566,1080,96,765,7,61,59,43,0,0,0,0,2048
1,20211108T012849_20211108T013450_T54TVK,140.07614379908944,40.29882788747959,2021-11-08,319,539,642,660,977,1560,1646,1894,1863,2077,1393,893,96,765,10,68,66,54,0,0,0,0,2048
1,20211108T012849_20211108T013450_T54TVK,140.07003525515742,40.29882788747959,2021-11-08,335,427,605,533,967,1523,1603,1866,1776,2083,1492,974,96,765,10,55,62,44,0,0,0,0,2048
1,20211108T012849_20211108T013450_T54TVK,140.06931660293012,40.29909738206482,2021-11-08,449,440,667,641,1070,1509,1625,1848,1783,2273,1653,1151,96,765,10,66,68,45,0,0,0,0,2048
1,20211108T012849_20211108T013450_T54TVK,140.0704844127995,40.29927704512165,2021-11-08,396,396,590,571,909,1322,1510,1588,1700,2214,1467,1006,96,765,10,59,60,43,0,0,0,0,2048
1,20211108T012849_20211108T013450_T54TVK,140.06940643445853,40.29927704512165,2021-11-08,449,558,676,780,1095,1489,1624,1758,1797,2273,1745,1239,96,765,10,79,68,57,0,0,0,0,2048
1,20211108T012849_20211108T013450_T54TVK,140.07982689175432,40.29954653970688,2021-11-08,292,485,574,681,868,1151,1441,1534,1421,1886,1401,992,96,765,2,71,60,48,0,0,0,0,2048
1,20211108T012849_20211108T013450_T54TVK,140.07713194590195,40.29954653970688,2021-11-08,231,450,561,531,933,1505,1691,1948,1852,1921,1532,982,96,765,4,54,57,44,0,0,0,0,2048
1,20211108T012849_20211108T013450_T54TVK,140.07003525515742,40.29945670817847,2021-11-08,396,509,635,708,1019,1356,1488,1570,1632,2214,1683,1201,96,765,10,72,65,51,0,0,0,0,2048
1,20211108T012849_20211108T013450_T54TVK,140.06976576057218,40.29972620276371,2021-11-08,557,597,756,840,1162,1540,1736,1942,1814,2460,1733,1246,96,765,10,86,77,60,0,0,0,0,2048
1,20211108T012849_20211108T013450_T54TVK,140.0704844127995,40.300624518047826,2021-11-08,481,569,688,719,1028,1464,1628,2012,1815,2506,1552,1092,96,765,10,75,70,57,0,0,0,0,2048
1,20211108T012849_20211108T013450_T54TVK,140.0759641360326,40.300624518047826,2021-11-08,258,444,653,455,955,1892,2027,2358,2249,2225,1575,950,96,765,10,47,67,45,0,0,0,0,2048
1,20211108T012849_20211108T013450_T54TVK,140.0704844127995,40.30080418110465,2021-11-08,444,561,678,713,1026,1476,1760,1768,1840,2403,1589,1099,96,765,10,74,70,57,0,0,0,0,2048
1,20211108T012849_20211108T013450_T54TVK,140.0706640758563,40.30098384416147,2021-11-08,467,484,686,669,1015,1516,1621,1876,1850,2357,1552,1092,96,765,10,68,70,49,0,0,0,0,2048
1,20211108T012849_20211108T013450_T54TVK,140.0708437389131,40.301343170275125,2021-11-08,472,554,717,689,1047,1514,1628,1798,1773,2407,1648,1111,96,765,10,71,73,57,0,0,0,0,2048
1,20211108T012849_20211108T013450_T54TVK,140.07542514686213,40.301522833331944,2021-11-08,360,541,753,701,996,1523,1538,1910,1917,2087,1743,1231,96,765,10,72,77,55,0,0,0,0,2048
1,20211108T012849_20211108T013450_T54TVK,140.07578447297578,40.30170249638877,2021-11-08,301,536,655,677,1020,1566,1581,1704,1863,2417,1732,1160,96,765,10,69,67,54,0,0,0,0,2048
1,20211108T012849_20211108T013450_T54TVK,140.07093357044153,40.30170249638877,2021-11-08,472,602,735,753,1125,1533,1687,1976,1914,2407,1737,1171,96,765,10,77,75,61,0,0,0,0,2048
1,20211108T012849_20211108T013450_T54TVK,140.03562977977563,40.319399307485924,2021-11-08,270,404,645,700,881,1483,1618,1966,1923,2090,1857,1261,96,734,4,72,66,42,0,0,0,0,0
1,20211108T012849_20211108T013450_T54TVK,140.03509079060518,40.31975863359957,2021-11-08,270,293,453,461,798,1325,1571,1668,1707,2090,1671,1107,96,649,4,47,47,30,0,0,0,0,0
1,20211108T012849_20211108T013450_T54TVK,140.08845071848188,40.33188588993519,2021-11-08,160,331,424,526,741,999,1152,1198,1272,1907,1457,1049,90,765,7,54,44,34,0,0,0,0,2048
1,20211108T012849_20211108T013450_T54TVK,140.08827105542505,40.3319757214636,2021-11-08,160,340,462,518,741,1008,1066,1412,1218,1907,1475,1116,90,765,7,54,47,35,0,0,0,0,2048
1,20211108T012849_20211108T013450_T54TVK,140.08809139236823,40.33215538452042,2021-11-08,121,370,489,637,926,1504,1608,1426,1730,2366,1786,1164,90,765,5,64,49,38,0,0,0,0,2048
1,20211108T012849_20211108T013450_T54TVK,140.087821897783,40.33224521604883,2021-11-08,103,309,473,566,999,1535,1775,2050,1991,1929,1987,1291,90,765,4,58,49,32,0,0,0,0,2048
1,20211108T012849_20211108T013450_T54TVK,140.0909660012774,40.333233362861364,2021-11-08,286,800,1036,1378,1525,1679,1765,1990,1954,1933,2316,1667,88,867,5,141,105,81,0,0,0,0,0
1,20211108T012849_20211108T013450_T54TVK,140.09114566433422,40.33332319438978,2021-11-08,286,729,959,1246,1525,1679,1765,1968,1954,1933,2316,1667,88,867,5,127,98,76,0,0,0,0,0
1,20211108T012849_20211108T013450_T54TVK,140.09123549586263,40.333502857446604,2021-11-08,286,865,1108,1490,1672,1782,1927,2136,2106,1933,2366,1683,88,923,5,152,113,89,0,0,0,0,0
1,20211108T012849_20211108T013450_T54TVK,140.09132532739105,40.33368252050342,2021-11-08,286,744,962,1260,1378,1588,1738,1996,1928,1933,1973,1422,88,825,5,128,98,78,0,0,0,0,0
1,20211108T012849_20211108T013450_T54TVK,140.0708437389131,40.27313607035377,2021-11-08,102,324,475,571,863,1108,1263,1416,1367,1580,1404,986,96,765,2,59,50,33,0,0,0,0,0
1,20211108T012849_20211108T013450_T54TVK,140.0247601648378,40.273405564939004,2021-11-08,127,336,444,642,917,1405,1505,1562,1665,2073,1797,1244,96,765,5,66,46,35,0,0,0,0,2048
1,20211108T012849_20211108T013450_T54TVK,140.02440083872415,40.273405564939004,2021-11-08,134,325,477,645,967,1289,1569,1576,1793,1755,1841,1338,96,726,5,66,50,35,0,0,0,0,2048
1,20211108T012849_20211108T013450_T54TVK,140.02395168108208,40.273675059524244,2021-11-08,134,442,532,749,988,1296,1400,1632,1702,1755,1864,1369,96,699,5,78,55,46,0,0,0,0,2048
1,20211108T012849_20211108T013450_T54TVK,140.0323958447528,40.27376489105265,2021-11-08,427,615,593,697,932,1281,1445,1506,1668,2389,1680,1205,96,765,7,71,62,63,0,0,0,0,2048
1,20211108T012849_20211108T013450_T54TVK,140.0246703333094,40.27376489105265,2021-11-08,127,368,521,677,990,1418,1631,1590,1905,2073,1704,1209,96,721,5,70,53,39,0,0,0,0,2048
1,20211108T012849_20211108T013450_T54TVK,140.07991672328274,40.27870562511531,2021-11-08,177,298,574,469,1019,1745,1902,2146,2124,1854,1444,902,96,862,4,48,59,31,0,0,0,0,2048
1,20211108T012849_20211108T013450_T54TVK,140.06581317332206,40.283017538479086,2021-11-08,64,306,390,486,972,1176,1457,1190,1568,1405,1290,920,96,765,7,50,40,31,0,0,0,0,0
1,20211108T012849_20211108T013450_T54TVK,140.08611509874316,40.283646359177965,2021-11-08,269,424,573,508,935,1663,1834,1926,2012,2061,1561,1043,96,708,4,52,59,43,0,0,0,0,2048
1,20211108T012849_20211108T013450_T54TVK,140.08539644651586,40.28418534834844,2021-11-08,277,457,529,573,923,1312,1367,1554,1569,1921,1451,996,96,765,7,59,54,46,0,0,0,0,2048
1,20211108T012849_20211108T013450_T54TVK,140.05683002048087,40.285802315859854,2021-11-08,213,346,515,595,960,1448,1716,1652,1747,1890,1904,1299,96,607,5,61,53,36,0,0,0,0,0
1,20211108T012849_20211108T013450_T54TVK,140.06949626598694,40.28634130503033,2021-11-08,1,247,501,360,780,1447,1571,2442,1879,1699,1306,748,96,1036,4,37,51,25,0,0,0,0,2048
1,20211108T012849_20211108T013450_T54TVK,140.07003525515742,40.28661079961556,2021-11-08,3,187,405,300,808,1663,1971,1580,1982,2415,1243,745,96,896,4,32,42,16,0,0,0,0,2048
1,20211108T012849_20211108T013450_T54TVK,140.06868778223125,40.28652096808715,2021-11-08,45,221,514,342,922,1828,1957,2286,2295,1881,1508,925,96,1005,4,36,53,24,0,0,0,0,0
1,20211108T012849_20211108T013450_T54TVK,140.06967592904377,40.28670063114397,2021-11-08,3,203,491,326,993,2132,2368,2576,2559,2415,1503,832,96,997,4,34,50,21,0,0,0,0,2048
1,20211108T012849_20211108T013450_T54TVK,140.06940643445853,40.286790462672386,2021-11-08,4,223,470,367,924,1723,1798,2220,2186,2436,1479,887,96,845,4,39,49,22,0,0,0,0,0
1,20211108T012849_20211108T013450_T54TVK,140.0692267714017,40.28697012572921,2021-11-08,4,226,447,384,886,1773,1952,2088,2243,2436,1461,840,96,845,4,39,45,23,0,0,0,0,0
1,20211108T012849_20211108T013450_T54TVK,140.06850811917442,40.28714978878603,2021-11-08,9,244,460,342,829,1547,1707,2002,1943,2170,1391,823,96,733,4,35,47,24,0,0,0,0,0
1,20211108T012849_20211108T013450_T54TVK,140.07030474974266,40.287239620314445,2021-11-08,1,201,385,408,819,1342,1490,1678,1761,1656,1437,893,96,765,4,41,40,19,0,0,0,0,2048
1,20211108T012849_20211108T013450_T54TVK,140.06967592904377,40.287239620314445,2021-11-08,16,281,657,514,1281,2187,2417,3030,2841,2453,1497,849,96,857,4,53,67,29,0,0,0,0,2048
1,20211108T012849_20211108T013450_T54TVK,140.07003525515742,40.28732945184286,2021-11-08,16,209,424,384,1259,2398,2667,2052,2815,2453,1493,880,96,942,4,41,44,19,0,0,0,0,2048
1,20211108T012849_20211108T013450_T54TVK,140.06734030930505,40.28759894642809,2021-11-08,53,294,392,583,831,991,1239,1422,1466,2107,1543,1085,96,765,7,60,40,30,0,0,0,0,0
1,20211108T012849_20211108T013450_T54TVK,140.06958609751536,40.287688777956504,2021-11-08,1,296,504,558,1174,1977,2261,1832,2418,1735,1325,831,96,942,4,58,52,32,1,0,0,0,2048
1,20211108T012849_20211108T013450_T54TVK,140.06743014083347,40.28777860948492,2021-11-08,71,263,372,542,768,964,1095,1372,1356,1857,1567,1126,96,765,5,57,38,26,0,0,0,0,0
1,20211108T012849_20211108T013450_T54TVK,140.06886744528805,40.287958272541744,2021-11-08,8,198,348,321,707,1271,1439,1412,1598,2117,1311,821,96,779,4,33,36,21,0,0,0,0,2048
1,20211108T012849_20211108T013450_T54TVK,140.06751997236188,40.287958272541744,2021-11-08,71,314,486,511,791,1203,1436,1848,1519,1857,1553,1075,96,750,7,52,50,32,0,0,0,0,0
1,20211108T012849_20211108T013450_T54TVK,140.06662165707777,40.287958272541744,2021-11-08,48,237,391,403,767,1241,1400,1658,1670,1932,1472,958,96,785,4,41,40,26,0,0,0,0,0
1,20211108T012849_20211108T013450_T54TVK,140.06662165707777,40.288227767126976,2021-11-08,36,241,480,379,879,1757,1869,2602,2116,1934,1515,908,96,922,4,39,49,25,0,0,0,0,0
1,20211108T012849_20211108T013450_T54TVK,140.08934903376598,40.288497261712216,2021-11-08,81,422,568,683,921,1119,1209,1548,1442,1740,1788,1294,91,765,7,70,59,43,0,0,0,0,2048
1,20211108T012849_20211108T013450_T54TVK,140.0901575175217,40.288497261712216,2021-11-08,54,378,509,603,909,1119,1319,1478,1386,1905,1545,1058,90,765,7,62,52,39,0,0,0,0,2048
1,20211108T012849_20211108T013450_T54TVK,140.09042701210694,40.288497261712216,2021-11-08,54,374,572,706,988,1276,1352,1576,1587,1905,1682,1104,90,884,5,72,59,38,0,0,0,0,2048
1,20211108T012849_20211108T013450_T54TVK,140.08979819140805,40.288497261712216,2021-11-08,81,395,543,612,916,1308,1403,1624,1580,1740,1677,1182,91,765,7,63,56,41,0,0,0,0,2048
1,20211108T012849_20211108T013450_T54TVK,140.0669809831914,40.288497261712216,2021-11-08,36,235,441,383,838,1385,1625,1850,1727,1934,1490,927,96,770,4,40,45,24,0,0,0,0,0
1,20211108T012849_20211108T013450_T54TVK,140.06662165707777,40.28858709324062,2021-11-08,36,231,380,442,798,1427,1400,1594,1815,1934,1502,962,96,770,4,45,39,24,0,0,0,0,0
1,20211108T012849_20211108T013450_T54TVK,140.08889987612392,40.28885658782586,2021-11-08,86,441,606,686,1092,1546,1857,2248,1991,1910,1966,1256,92,875,5,69,62,46,0,0,0,0,2048
1,20211108T012849_20211108T013450_T54TVK,140.0863845933284,40.28930574546792,2021-11-08,108,466,606,762,1138,1537,1726,1722,2003,2375,1758,1096,95,765,7,78,62,47,0,0,0,0,2048
1,20211108T012849_20211108T013450_T54TVK,140.08611509874316,40.28930574546792,2021-11-08,129,467,590,710,991,1247,1516,1522,1575,1890,1821,1291,95,765,7,74,60,49,0,0,0,0,2048
1,20211108T012849_20211108T013450_T54TVK,140.08584560415792,40.28930574546792,2021-11-08,129,421,573,636,858,1174,1287,1450,1471,1890,1568,1098,96,765,2,65,58,45,0,0,0,0,2048
1,20211108T012849_20211108T013450_T54TVK,140.0856659411011,40.289395576996334,2021-11-08,129,400,565,649,858,1174,1287,1442,1471,1890,1568,1098,96,765,2,65,57,41,0,0,0,0,2048
1,20211108T012849_20211108T013450_T54TVK,140.08539644651586,40.28957524005315,2021-11-08,44,341,423,452,511,774,822,1156,938,1468,996,671,96,765,2,45,42,35,0,0,0,0,2048
1,20211108T012849_20211108T013450_T54TVK,140.08512695193062,40.28975490310998,2021-11-08,44,432,553,625,731,1026,1115,1648,1268,1468,1296,836,96,765,2,64,57,44,0,0,0,0,2048
1,20211108T012849_20211108T013450_T54TVK,140.0849472888738,40.28984473463839,2021-11-08,44,456,590,726,1084,1496,1771,2054,1944,1468,1674,1070,96,765,7,74,60,46,0,0,0,0,2048
1,20211108T012849_20211108T013450_T54TVK,140.06859795070284,40.291282039092984,2021-11-08,184,292,558,460,980,1818,2108,2264,2264,2130,1702,1026,96,818,4,47,57,30,0,0,0,0,2048
1,20211108T012849_20211108T013450_T54TVK,140.06563351026523,40.29146170214981,2021-11-08,155,279,367,547,767,1030,1160,1256,1387,1808,1549,1066,96,784,5,57,39,28,0,0,0,0,0
1,20211108T012849_20211108T013450_T54TVK,140.06581317332206,40.29164136520663,2021-11-08,155,312,487,500,959,1527,1763,1898,1933,1808,1620,1040,96,784,4,51,50,32,0,0,0,0,0
1,20211108T012849_20211108T013450_T54TVK,140.08665408791362,40.292270185905515,2021-11-08,25,257,349,441,588,852,872,1170,948,1446,850,582,95,765,3,45,37,28,0,0,0,0,2048
1,20211108T012849_20211108T013450_T54TVK,140.08665408791362,40.292719343547574,2021-11-08,11,343,580,631,926,1346,1512,2008,1887,1539,1427,903,95,765,4,66,59,32,0,0,0,0,2048
1,20211108T012849_20211108T013450_T54TVK,140.06042328161735,40.29379732188852,2021-11-08,58,342,558,491,915,1597,1785,2156,1968,1693,1504,902,96,765,4,50,57,35,0,0,0,0,0
1,20211108T012849_20211108T013450_T54TVK,140.07569464144737,40.295593952456755,2021-11-08,216,536,659,565,968,1554,1712,2016,1851,1985,1430,930,96,765,10,58,67,55,0,0,0,0,2048
1,20211108T012849_20211108T013450_T54TVK,140.07569464144737,40.295863447041995,2021-11-08,148,537,595,634,886,1299,1441,1814,1653,1886,1403,897,96,765,7,65,61,56,0,0,0,0,2048
1,20211108T012849_20211108T013450_T54TVK,140.07479632616324,40.296043110098815,2021-11-08,337,451,634,631,925,1359,1495,1664,1583,2066,1402,934,96,765,10,66,65,45,1,0,0,0,2048
1,20211108T012849_20211108T013450_T54TVK,140.0759641360326,40.29622277315564,2021-11-08,148,413,590,528,890,1334,1461,1768,1615,1886,1421,902,96,716,7,54,60,43,0,0,0,0,2048
1,20211108T012849_20211108T013450_T54TVK,140.07470649463482,40.296312604684054,2021-11-08,337,464,631,584,1010,1545,1698,1866,1808,2066,1414,914,96,765,10,60,65,49,0,0,0,0,2048
1,20211108T012849_20211108T013450_T54TVK,140.07470649463482,40.296492267740874,2021-11-08,347,424,658,589,1033,1634,1778,2010,1917,2143,1424,897,96,765,10,60,67,45,1,0,0,0,2048
1,20211108T012849_20211108T013450_T54TVK,140.07614379908944,40.2966719307977,2021-11-08,202,356,492,429,802,1348,1435,1702,1631,1840,1322,855,96,619,4,44,50,37,0,0,0,0,2048
1,20211108T012849_20211108T013450_T54TVK,140.07461666310644,40.2966719307977,2021-11-08,347,427,665,594,1031,1671,1845,2006,1934,2143,1414,894,96,765,10,61,68,46,1,0,0,0,2048
1,20211108T012849_20211108T013450_T54TVK,140.07533531533372,40.29685159385453,2021-11-08,268,460,598,491,932,1528,1648,1736,1824,2046,1439,938,96,765,10,50,61,47,0,0,0,0,2048
1,20211108T012849_20211108T013450_T54TVK,140.0742573369928,40.29685159385453,2021-11-08,347,420,673,601,1043,1562,1632,1754,1821,2143,1458,939,96,765,10,62,69,43,0,0,0,0,2048
1,20211108T012849_20211108T013450_T54TVK,140.07937773411226,40.297031256911346,2021-11-08,212,337,473,423,810,1346,1429,1706,1663,1863,1158,738,96,765,4,45,50,34,0,0,0,0,2048
1,20211108T012849_20211108T013450_T54TVK,140.07722177743037,40.29712108843976,2021-11-08,165,357,488,474,808,1209,1395,1428,1544,1781,1397,914,96,765,7,48,50,37,0,0,0,0,2048
1,20211108T012849_20211108T013450_T54TVK,140.07632346214626,40.29712108843976,2021-11-08,288,377,545,495,880,1520,1733,1994,1855,2028,1446,936,96,714,4,50,55,40,0,0,0,0,2048
1,20211108T012849_20211108T013450_T54TVK,140.0765031252031,40.29766007761023,2021-11-08,200,310,498,455,884,1570,1749,1832,1911,1902,1355,841,96,653,4,48,52,31,0,0,0,0,2048
1,20211108T012849_20211108T013450_T54TVK,140.07722177743037,40.297749909138645,2021-11-08,239,357,463,570,882,1305,1359,1474,1646,1848,1537,1030,96,765,7,58,47,36,0,0,0,0,2048
1,20211108T012849_20211108T013450_T54TVK,140.07560480991896,40.29792957219547,2021-11-08,410,427,649,634,1008,1723,1839,2084,2039,2234,1443,900,96,765,10,65,66,44,1,0,0,0,2048
1,20211108T012849_20211108T013450_T54TVK,140.0765031252031,40.29801940372388,2021-11-08,207,298,460,473,853,1408,1466,1452,1683,1977,1375,880,96,749,10,50,47,30,0,0,0,0,2048
1,20211108T012849_20211108T013450_T54TVK,140.07758110354402,40.29810923525229,2021-11-08,240,384,532,614,864,1283,1387,1554,1612,1924,1428,995,96,765,7,63,55,40,0,0,0,0,2048
1,20211108T012849_20211108T013450_T54TVK,140.07955739716908,40.298199066780704,2021-11-08,230,425,595,565,966,1407,1497,1794,1643,1861,1376,961,96,765,7,58,62,42,0,0,0,0,2048
1,20211108T012849_20211108T013450_T54TVK,140.07560480991896,40.298199066780704,2021-11-08,397,471,653,663,1025,1572,1692,1858,1878,2189,1484,998,96,765,10,68,67,49,0,0,0,0,2048
1,20211108T012849_20211108T013450_T54TVK,140.07856925035657,40.29828889830912,2021-11-08,271,336,547,515,845,1490,1689,1924,1757,2008,1367,871,96,686,4,54,57,35,0,0,0,0,2048
1,20211108T012849_20211108T013450_T54TVK,140.07758110354402,40.29846856136594,2021-11-08,240,290,477,464,874,1477,1654,1854,1803,1924,1376,878,96,659,4,49,50,30,0,0,0,0,2048
1,20211108T012849_20211108T013450_T54TVK,140.07955739716908,40.29855839289435,2021-11-08,277,341,525,611,876,1185,1319,1492,1456,1918,1429,1007,96,765,2,63,54,36,0,0,0,0,2048
1,20211108T012849_20211108T013450_T54TVK,140.07838958729974,40.29855839289435,2021-11-08,265,343,513,486,899,1576,1729,1942,1855,1796,1355,860,96,624,4,51,53,34,0,0,0,0,2048
1,20211108T012849_20211108T013450_T54TVK,140.0774014404872,40.298738055951176,2021-11-08,244,379,555,479,902,1407,1578,1690,1789,1812,1398,912,96,636,4,48,56,40,0,0,0,0,2048
1,20211108T012849_20211108T013450_T54TVK,140.07955739716908,40.298738055951176,2021-11-08,277,420,612,661,939,1377,1429,1490,1682,1918,1525,1067,96,765,10,68,63,43,0,0,0,0,2048
1,20211108T012849_20211108T013450_T54TVK,140.07829975577133,40.298917719008,2021-11-08,265,285,523,437,832,1396,1540,1698,1715,1796,1413,925,96,700,4,45,54,29,0,0,0,0,2048
1,20211108T012849_20211108T013450_T54TVK,140.07722177743037,40.298917719008,2021-11-08,244,381,595,484,866,1353,1538,1794,1651,1812,1398,906,96,656,4,51,61,37,0,0,0,0,2048
1,20211108T012849_20211108T013450_T54TVK,140.08045571245322,40.29900755053641,2021-11-08,258,478,628,612,905,1395,1511,1764,1736,1822,1371,948,96,765,10,63,64,51,0,0,0,0,2048
1,20211108T012849_20211108T013450_T54TVK,140.0768624513167,40.299187213593235,2021-11-08,273,484,561,612,943,1452,1667,1630,1825,2113,1548,1039,96,765,7,63,57,49,0,0,0,0,2048
1,20211108T012849_20211108T013450_T54TVK,140.0803658809248,40.29936687665006,2021-11-08,219,420,532,491,852,1461,1634,2258,1953,1821,1212,762,96,765,10,50,55,43,0,0,0,0,2048
1,20211108T012849_20211108T013450_T54TVK,140.0782099242429,40.29999569734894,2021-11-08,280,401,603,703,1062,1411,1556,1906,1743,2029,1659,1108,96,754,7,73,62,40,0,0,0,0,2048
1,20211108T012849_20211108T013450_T54TVK,140.07713194590195,40.29999569734894,2021-11-08,227,425,558,496,910,1453,1546,1916,1720,1994,1522,1039,96,765,7,51,57,45,0,0,0,0,2048
1,20211108T012849_20211108T013450_T54TVK,140.07758110354402,40.29999569734894,2021-11-08,227,399,503,618,932,1229,1442,1512,1632,1994,1579,996,96,765,7,63,52,42,0,0,0,0,2048
1,20211108T012849_20211108T013450_T54TVK,140.07838958729974,40.30017536040577,2021-11-08,276,386,592,694,980,1310,1529,1676,1694,2005,1519,1018,96,754,7,72,61,38,0,0,0,0,2048
1,20211108T012849_20211108T013450_T54TVK,140.0742573369928,40.30035502346259,2021-11-08,424,525,735,692,1123,1581,1822,2038,1961,1959,1593,1042,96,765,10,71,75,53,0,0,0,0,2048
1,20211108T012849_20211108T013450_T54TVK,140.0780302611861,40.300444854991,2021-11-08,276,405,633,609,937,1483,1616,1762,1790,2005,1473,947,96,765,4,62,65,42,0,0,0,0,2048
1,20211108T012849_20211108T013450_T54TVK,140.0766827882599,40.30080418110465,2021-11-08,257,341,654,526,1043,1973,2138,2260,2349,2360,1565,932,96,765,4,54,67,35,0,0,0,0,2048
1,20211108T012849_20211108T013450_T54TVK,140.07785059812926,40.30080418110465,2021-11-08,346,484,618,745,1013,1315,1428,1864,1661,1876,1673,1162,96,765,7,76,63,51,0,0,0,0,2048
1,20211108T012849_20211108T013450_T54TVK,140.07713194590195,40.3011635072183,2021-11-08,296,440,679,672,1074,1460,1486,1880,1780,2027,1693,1170,96,765,7,69,69,47,0,0,0,0,2048
1,20211108T012849_20211108T013450_T54TVK,140.07335902170865,40.301343170275125,2021-11-08,484,604,656,768,1156,1543,1763,1820,1904,2355,1704,1176,96,765,10,79,67,62,0,0,0,0,2048
1,20211108T012849_20211108T013450_T54TVK,140.0729098640666,40.30143300180353,2021-11-08,484,617,756,784,1039,1561,1825,2182,2037,2355,1572,1026,96,765,10,79,77,65,1,0,0,0,2048
1,20211108T012849_20211108T013450_T54TVK,140.07641329367468,40.30313980084336,2021-11-08,414,559,646,777,1125,1609,1746,1610,1939,2408,1803,1278,96,765,10,79,66,59,0,0,0,0,2048
1,20211108T012849_20211108T013450_T54TVK,140.04488242720208,40.31338059508232,2021-11-08,208,292,477,496,853,1384,1541,1596,1694,2422,1764,1220,96,796,4,52,49,28,0,0,0,0,0
1,20211108T012849_20211108T013450_T54TVK,140.03778573645752,40.3207467804121,2021-11-08,262,306,523,454,914,1892,2241,2402,2425,2411,1718,1037,96,812,4,49,54,30,0,0,0,0,0
1,20211108T012849_20211108T013450_T54TVK,140.07713194590195,40.32317223167923,2021-11-08,766,696,879,810,1154,1584,1729,1964,1862,2566,1482,1010,96,765,10,84,90,70,2,0,0,0,2048
1,20211108T012849_20211108T013450_T54TVK,140.09150499044787,40.33395201508866,2021-11-08,66,284,361,465,684,933,1079,1142,1272,1690,1280,886,88,765,2,49,37,28,0,0,0,0,0
1,20211108T012849_20211108T013450_T54TVK,140.0915948219763,40.33413167814548,2021-11-08,66,290,360,493,712,987,1267,1294,1398,1690,1354,912,88,765,7,51,37,30,0,0,0,0,0
1,20211108T012849_20211108T013450_T54TVK,140.0885405500103,40.2778971413596,2021-11-08,94,312,492,491,806,1362,1493,1770,1633,1749,1302,848,96,721,7,50,50,30,0,0,0,0,2048
1,20211108T012849_20211108T013450_T54TVK,140.04119933453717,40.3214654326394,2021-11-08,237,356,564,573,1024,1565,1624,2032,1966,2424,1929,1292,96,671,4,59,59,38,0,0,0,0,0
1,20211108T012849_20211108T013450_T54TVK,140.07785059812926,40.32425021002017,2021-11-08,659,1044,1062,1030,1366,1835,1889,2044,2013,2532,1631,1088,96,765,10,105,109,108,4,0,0,0,2048
1,20211108T012849_20211108T013450_T54TVK,140.07416750546437,40.319938296656396,2021-11-08,640,637,775,990,1301,1697,1853,2008,2192,2863,2394,1775,95,765,7,101,79,65,0,0,0,0,2048
1,20211108T012849_20211108T013450_T54TVK,140.04092983995196,40.312033122156144,2021-11-08,214,314,671,422,1160,2301,2548,2654,2741,2683,1920,1131,96,912,4,43,69,32,0,0,0,0,0
1,20211108T012849_20211108T013450_T54TVK,140.08045571245322,40.323531557792876,2021-11-08,517,928,986,1022,1230,1444,1523,1848,1643,2095,1510,1057,95,765,10,104,101,96,6,0,0,0,2048
1,20211108T012849_20211108T013450_T54TVK,140.08889987612392,40.33035875395218,2021-11-08,171,305,398,509,774,1172,1193,1268,1517,1637,1419,938,91,765,2,52,41,30,0,0,0,0,2048
1,20211108T012849_20211108T013450_T54TVK,140.0743471685212,40.31966880207116,2021-11-08,640,642,799,906,1242,1757,1949,2268,2211,2863,2148,1626,95,765,2,91,81,68,0,0,0,0,2048
1,20211108T012849_20211108T013450_T54TVK,140.07695228284513,40.32290273709399,2021-11-08,766,650,806,781,1059,1399,1455,1544,1581,2566,1447,1044,96,765,10,79,81,67,2,0,0,0,2048
1,20211108T012849_20211108T013450_T54TVK,140.0862947618,40.330897743122655,2021-11-08,106,368,626,451,1057,1925,2431,2922,2600,2258,1545,890,94,864,4,47,65,36,0,0,0,0,2048
1,20211108T012849_20211108T013450_T54TVK,140.09051684363536,40.33143673229313,2021-11-08,190,379,529,688,1164,1542,1649,1532,1863,1700,2089,1455,88,765,5,70,54,41,0,0,0,0,2048
1,20211108T012849_20211108T013450_T54TVK,140.08863038153868,40.278166635944835,2021-11-08,147,237,456,430,802,1264,1448,1648,1555,1854,1323,866,96,713,7,43,46,25,0,0,0,0,2048
1,20211108T012849_20211108T013450_T54TVK,140.0888100445955,40.278436130530075,2021-11-08,147,285,477,447,853,1392,1471,1588,1741,1854,1349,856,96,708,4,47,50,28,0,0,0,0,2048
1,20211108T012849_20211108T013450_T54TVK,140.07704211437354,40.26882415698999,2021-11-08,43,214,410,420,778,1396,1606,1992,1869,1846,1354,804,96,863,4,43,42,21,0,0,0,0,0
1,20211108T012849_20211108T013450_T54TVK,140.07542514686213,40.26702752642176,2021-11-08,415,836,1068,1332,1590,1720,1880,2056,2015,2060,2648,1994,96,749,5,136,109,84,0,0,0,0,0
1,20211108T012849_20211108T013450_T54TVK,140.038324725628,40.311314469928845,2021-11-08,156,346,740,527,1368,2556,2834,3142,2991,2199,2019,1193,96,839,4,55,76,36,0,0,0,0,0
1,20211108T012849_20211108T013450_T54TVK,140.04685872082715,40.31194329062773,2021-11-08,264,325,579,451,1059,1826,2003,2458,2210,2278,1963,1249,96,742,4,45,58,35,0,0,0,0,0
1,20211108T012849_20211108T013450_T54TVK,140.0390433778553,40.311134806872026,2021-11-08,267,305,555,510,1043,1528,1778,1904,1912,2151,2151,1473,96,684,4,52,57,31,0,0,0,0,0
1,20211108T012849_20211108T013450_T54TVK,140.0392230409121,40.32335189473605,2021-11-08,370,361,621,558,1149,1939,2109,2366,2372,2484,1799,1046,96,698,4,56,64,38,0,0,0,0,0
1,20211108T012849_20211108T013450_T54TVK,140.039851861611,40.31409924730962,2021-11-08,196,309,480,462,937,1610,1848,2186,2052,2172,1816,1157,96,717,4,48,50,30,0,0,0,0,0
1,20211108T012849_20211108T013450_T54TVK,140.0405705138383,40.31481789953691,2021-11-08,201,289,509,455,1062,1926,2175,2222,2541,2299,1853,1202,96,893,4,47,52,31,0,0,0,0,0
1,20211108T012849_20211108T013450_T54TVK,140.03958236702576,40.314189078838034,2021-11-08,196,304,476,455,1026,1609,1844,1924,2088,2172,2092,1390,96,717,4,48,49,32,0,0,0,0,0
1,20211108T012849_20211108T013450_T54TVK,140.04712821541236,40.31212295368456,2021-11-08,264,328,574,484,951,1663,1838,1980,2115,2278,1818,1145,96,727,4,50,59,34,0,0,0,0,0
1,20211108T012849_20211108T013450_T54TVK,140.04030101925306,40.314189078838034,2021-11-08,243,295,519,491,902,1541,1770,1836,1985,2323,1794,1161,96,719,4,50,53,30,0,0,0,0,0
1,20211108T012849_20211108T013450_T54TVK,140.0389535463269,40.32335189473605,2021-11-08,370,344,647,586,1360,2021,2230,2342,2399,2484,2076,1333,96,698,4,60,66,34,0,0,0,0,0
1,20211108T012849_20211108T013450_T54TVK,140.03859422021324,40.31122463840044,2021-11-08,156,285,530,504,923,1630,1847,2168,2091,2199,1932,1259,96,720,4,51,54,31,0,0,0,0,0
1,20211108T012849_20211108T013450_T54TVK,140.08898970765233,40.27870562511531,2021-11-08,197,347,538,547,862,1364,1574,1608,1673,1740,1453,972,96,765,7,56,54,36,0,0,0,0,2048
1,20211108T012849_20211108T013450_T54TVK,140.09366094712976,40.25301380798949,2021-11-08,125,297,644,550,973,1809,1707,2454,2026,1820,1684,1189,96,869,4,56,66,31,0,0,0,0,2048
1,20211108T012849_20211108T013450_T54TVK,140.09752370285148,40.257685047466914,2021-11-08,116,257,422,596,882,1317,1564,1394,1955,2245,1979,1392,96,787,4,60,43,26,0,0,0,0,0
1,20211108T012849_20211108T013450_T54TVK,140.08773206625457,40.27376489105265,2021-11-08,124,285,456,564,932,1349,1416,1500,1703,1908,1536,986,96,772,5,59,48,30,0,0,0,0,2048
1,20211108T012849_20211108T013450_T54TVK,140.09599656686848,40.25301380798949,2021-11-08,24,232,390,439,707,1154,1075,1520,1290,1128,1621,1150,96,552,5,44,39,25,0,0,0,0,2048
1,20211108T012849_20211108T013450_T54TVK,140.08925920223757,40.33008925936695,2021-11-08,171,327,460,411,756,1317,1313,1718,1518,1637,1203,832,91,765,2,42,47,33,0,0,0,0,2048
1,20211108T012849_20211108T013450_T54TVK,140.0900676859933,40.2801429295699,2021-11-08,142,305,466,511,865,1521,1680,1820,2052,1854,1333,791,96,842,4,52,48,29,0,0,0,0,2048
1,20211108T012849_20211108T013450_T54TVK,140.09680505062417,40.25301380798949,2021-11-08,30,281,581,421,1035,2074,2226,2568,2419,2362,1640,982,96,913,4,44,61,30,0,0,0,0,2048
1,20211108T012849_20211108T013450_T54TVK,140.08512695193062,40.28140057096767,2021-11-08,188,493,578,594,896,1366,1588,1468,1716,1925,1384,910,96,734,7,61,59,51,0,0,0,0,2048
1,20211108T012849_20211108T013450_T54TVK,140.08467779428855,40.2786157935869,2021-11-08,447,472,594,716,931,1175,1348,1332,1582,1956,1477,1091,96,765,7,73,61,46,0,0,0,0,2048
1,20211108T012849_20211108T013450_T54TVK,140.08970835987964,40.28418534834844,2021-11-08,78,298,404,606,857,1127,1312,1134,1413,1594,1394,937,95,765,2,63,42,30,0,0,0,0,2048
1,20211108T012849_20211108T013450_T54TVK,140.0961762299253,40.25301380798949,2021-11-08,23,254,425,473,971,1559,1825,1958,1979,2016,1688,1116,96,790,4,48,43,26,0,0,0,0,2048
1,20211108T012849_20211108T013450_T54TVK,140.0765031252031,40.2673868525354,2021-11-08,332,260,476,557,873,1292,1492,1576,1649,1897,1551,1041,96,663,7,55,49,27,0,0,0,0,0
1,20211108T012849_20211108T013450_T54TVK,140.09626606145372,40.259571509563564,2021-11-08,104,279,602,510,1143,2145,2333,2910,2631,2496,2002,1255,96,904,4,51,61,28,0,0,0,0,0
1,20211108T012849_20211108T013450_T54TVK,140.09455926241387,40.26046982484768,2021-11-08,16,225,598,406,1263,2569,2780,2920,3124,3147,1789,991,96,934,4,42,61,24,0,0,0,0,0
1,20211108T012849_20211108T013450_T54TVK,140.09590673534007,40.259571509563564,2021-11-08,54,367,698,637,1258,2185,2254,3140,2530,2247,1997,1232,96,943,4,64,71,38,0,0,0,0,0
1,20211108T012849_20211108T013450_T54TVK,140.08961852835122,40.281759897081315,2021-11-08,125,363,517,537,936,1373,1476,1622,1718,1712,1553,1006,96,765,7,54,53,36,0,0,0,0,2048
1,20211108T012849_20211108T013450_T54TVK,140.08934903376598,40.28113107638243,2021-11-08,136,350,437,549,753,1007,1156,1216,1236,1684,1412,1021,96,765,2,56,45,37,0,0,0,0,2048
1,20211108T012849_20211108T013450_T54TVK,140.09689488215258,40.24915105226778,2021-11-08,91,253,461,469,893,1340,1475,1642,1621,1976,1591,1071,96,765,5,47,48,27,0,0,0,0,2048
1,20211108T012849_20211108T013450_T54TVK,140.08907953918074,40.27897511970055,2021-11-08,197,373,524,617,905,1338,1453,1494,1605,1740,1695,1176,96,633,5,63,54,38,0,0,0,0,2048
1,20211108T012849_20211108T013450_T54TVK,140.08773206625457,40.278885288172134,2021-11-08,152,263,440,407,744,1269,1406,1576,1500,1699,1252,832,96,636,4,41,45,27,0,0,0,0,2048
1,20211108T012849_20211108T013450_T54TVK,140.087821897783,40.329190944082825,2021-11-08,369,453,607,676,1076,1356,1523,1682,1669,1916,1858,1347,94,696,5,69,62,47,0,0,0,0,2048
1,20211108T012849_20211108T013450_T54TVK,140.08764223472616,40.33143673229313,2021-11-08,165,355,484,573,805,1086,1278,1512,1426,2071,1528,1081,92,765,7,59,50,37,0,0,0,0,2048
1,20211108T012849_20211108T013450_T54TVK,140.0729098640666,40.299905865820534,2021-11-08,511,721,912,1056,1245,1715,1873,2122,2049,2579,1977,1390,96,765,10,108,93,75,0,0,0,0,2048
1,20211108T012849_20211108T013450_T54TVK,140.0721912118393,40.29972620276371,2021-11-08,552,544,683,674,1102,1688,1817,1910,2030,2581,1647,1123,96,765,10,69,70,56,0,0,0,0,2048
1,20211108T012849_20211108T013450_T54TVK,140.07264036948138,40.29810923525229,2021-11-08,366,489,709,585,1059,1745,1862,2142,2052,2304,1511,996,96,765,10,60,73,50,0,0,0,0,2048
1,20211108T012849_20211108T013450_T54TVK,140.06904710834488,40.29882788747959,2021-11-08,400,373,656,599,1007,1540,1646,1924,1848,2198,1629,1137,96,765,10,61,67,38,0,0,0,0,2048
1,20211108T012849_20211108T013450_T54TVK,140.07497598922006,40.26882415698999,2021-11-08,21,175,326,255,472,1282,1511,1918,1655,1540,727,403,96,978,4,28,34,20,0,0,0,0,0
1,20211108T012849_20211108T013450_T54TVK,140.07767093507243,40.29092271297934,2021-11-08,177,286,412,462,782,1304,1422,1364,1731,1712,1299,826,96,765,4,47,42,30,0,0,0,0,2048
1,20211108T012849_20211108T013450_T54TVK,140.07237087489614,40.30053468651941,2021-11-08,576,509,699,725,1166,1625,1790,1982,1983,2554,1668,1129,96,765,10,74,72,53,0,0,0,0,2048
1,20211108T012849_20211108T013450_T54TVK,140.07282003253817,40.299636371235295,2021-11-08,511,534,727,686,1087,1567,1795,1964,1804,2579,1645,1123,96,765,10,70,74,54,0,0,0,0,2048
1,20211108T012849_20211108T013450_T54TVK,140.07308952712341,40.30035502346259,2021-11-08,575,532,728,726,1095,1595,1818,1982,1950,2573,1665,1141,96,765,10,74,74,56,0,0,0,0,2048
1,20211108T012849_20211108T013450_T54TVK,140.06868778223125,40.291551533678216,2021-11-08,110,279,496,539,924,1499,1699,1994,1881,2153,1682,1054,96,723,4,54,50,30,0,0,0,0,2048
1,20211108T012849_20211108T013450_T54TVK,140.06949626598694,40.29244984896234,2021-11-08,148,259,470,453,883,1736,2046,2138,2091,2176,1620,995,96,769,4,47,48,26,0,0,0,0,2048
1,20211108T012849_20211108T013450_T54TVK,140.05072147654886,40.270351292973,2021-11-08,376,863,875,938,1192,1627,1788,2266,2051,2296,2024,1436,96,765,10,95,89,87,0,0,0,0,2048
1,20211108T012849_20211108T013450_T54TVK,140.04847568833856,40.26900382004682,2021-11-08,421,686,855,1009,1344,2045,2206,2620,2614,2439,1964,1283,96,765,10,103,86,72,0,0,0,0,2048
1,20211108T012849_20211108T013450_T54TVK,140.06931660293012,40.29200069132028,2021-11-08,89,269,538,423,1062,1859,2153,2366,2371,1960,1740,999,96,819,4,43,55,30,0,0,0,0,2048
1,20211108T012849_20211108T013450_T54TVK,140.06751997236188,40.29307866966122,2021-11-08,139,728,951,1218,1518,1871,1975,2192,2278,2051,2552,1807,96,963,5,125,97,73,0,0,0,0,2048
1,20211108T012849_20211108T013450_T54TVK,140.09590673534007,40.25112734589284,2021-11-08,109,367,614,585,1145,1915,2004,2348,2237,1909,1778,1147,96,844,4,60,64,37,0,0,0,0,2048
1,20211108T012849_20211108T013450_T54TVK,140.0976135343799,40.25400195480202,2021-11-08,50,257,536,497,1129,2039,2181,2482,2533,3093,1935,1232,96,786,4,52,55,23,0,0,0,0,0
1,20211108T012849_20211108T013450_T54TVK,140.04820619375332,40.31266194285503,2021-11-08,175,287,656,417,1116,2215,2411,2718,2582,2267,1738,987,96,873,4,43,67,29,0,0,0,0,0
1,20211108T012849_20211108T013450_T54TVK,140.09500842005593,40.25301380798949,2021-11-08,114,273,567,424,1225,2052,2157,2698,2339,2243,1877,1257,96,1062,4,44,59,27,0,0,0,0,2048
1,20211108T012849_20211108T013450_T54TVK,140.0496434982079,40.27053095602982,2021-11-08,247,599,705,567,638,848,887,1502,1049,1979,1152,805,96,765,10,58,71,62,0,0,0,0,2048
1,20211108T012849_20211108T013450_T54TVK,140.04892484598062,40.31293143744026,2021-11-08,239,298,550,503,912,1610,1730,1766,2007,2213,1755,1056,96,694,4,51,55,32,0,0,0,0,0
1,20211108T012849_20211108T013450_T54TVK,140.04856551986697,40.31284160591185,2021-11-08,175,256,611,438,1014,1825,2011,2214,2190,2267,1710,998,96,758,4,45,63,27,0,0,0,0,0
1,20211108T012849_20211108T013450_T54TVK,140.07344885323707,40.298738055951176,2021-11-08,376,694,862,774,1128,1872,2086,2520,2282,2225,1435,897,96,765,10,79,88,70,2,0,0,0,2048
1,20211108T012849_20211108T013450_T54TVK,140.07776076660085,40.290383723808866,2021-11-08,155,293,396,486,688,874,1014,1130,1190,1614,989,652,96,765,2,50,40,30,0,0,0,0,2048
1,20211108T012849_20211108T013450_T54TVK,140.05152996030455,40.28454467446209,2021-11-08,125,317,513,576,977,1599,1757,1944,2004,2276,1876,1251,96,834,4,59,52,33,0,0,0,0,0
1,20211108T012849_20211108T013450_T54TVK,140.07039458127107,40.298738055951176,2021-11-08,335,416,612,623,936,1333,1472,1708,1678,2083,1489,1025,96,765,10,65,64,42,0,0,0,0,2048
1,20211108T012849_20211108T013450_T54TVK,140.08827105542505,40.277717478302776,2021-11-08,94,306,438,491,795,1322,1371,1662,1582,1749,1357,879,96,765,7,49,45,33,0,0,0,0,2048
1,20211108T012849_20211108T013450_T54TVK,140.07317935865183,40.300624518047826,2021-11-08,575,630,792,782,1147,1655,1915,2060,2009,2573,1734,1207,96,765,10,80,81,64,0,0,0,0,2048
1,20211108T012849_20211108T013450_T54TVK,140.08809139236823,40.27744798371754,2021-11-08,55,335,531,619,844,1299,1414,1576,1607,1490,1373,926,96,765,7,63,53,36,0,0,0,0,2048
1,20211108T012849_20211108T013450_T54TVK,140.0955474092264,40.261457971660214,2021-11-08,45,214,680,369,1326,3049,3380,3956,3511,2564,1795,980,96,1136,4,37,70,21,0,0,0,0,0
1,20211108T012849_20211108T013450_T54TVK,140.08710324555568,40.27906495122896,2021-11-08,201,306,568,487,926,1547,1771,2170,1836,1900,1518,989,96,695,4,50,58,30,0,0,0,0,2048
1,20211108T012849_20211108T013450_T54TVK,140.08431846817493,40.27645983690501,2021-11-08,205,264,383,448,708,919,996,1021,1101,1283,1474,1097,96,765,5,46,38,27,0,0,0,0,2048
1,20211108T012849_20211108T013450_T54TVK,140.0850371204022,40.273675059524244,2021-11-08,1,149,321,240,584,1156,1313,1554,1510,1329,919,503,96,904,4,25,33,16,0,0,0,0,0
1,20211108T012849_20211108T013450_T54TVK,140.0449722587305,40.30915851324696,2021-11-08,180,326,578,503,1008,1766,1975,2276,2102,2176,1718,1060,96,734,4,52,59,34,0,0,0,0,0
1,20211108T012849_20211108T013450_T54TVK,140.09752370285148,40.258673194279446,2021-11-08,121,280,568,537,1120,1937,2269,2282,2563,2687,1942,1259,96,819,4,57,59,28,0,0,0,0,0
1,20211108T012849_20211108T013450_T54TVK,140.0774014404872,40.322543410980344,2021-11-08,774,581,766,791,1212,1815,1967,2276,2080,2594,1468,1031,96,765,10,82,78,58,1,0,0,0,2048
1,20211108T012849_20211108T013450_T54TVK,140.045960405543,40.31356025813915,2021-11-08,107,263,472,457,827,1415,1553,1544,1752,2216,1796,1175,96,696,4,46,47,28,0,0,0,0,0
1,20211108T012849_20211108T013450_T54TVK,140.07928790258384,40.32487903071905,2021-11-08,663,1124,1298,1272,1385,1659,1809,2132,1922,2361,1700,1242,95,765,10,130,132,115,11,0,0,0,2048
1,20211108T012849_20211108T013450_T54TVK,140.04128916606558,40.31230261674138,2021-11-08,322,308,641,455,1127,2118,2280,2600,2566,2408,1932,1166,96,912,4,47,66,29,0,0,0,0,0
1,20211108T012849_20211108T013450_T54TVK,140.04101967148037,40.31715351927563,2021-11-08,308,383,563,665,1076,1691,1921,1788,2109,2284,1815,1219,96,811,4,67,57,39,0,0,0,0,0
1,20211108T012849_20211108T013450_T54TVK,140.0729098640666,40.30098384416147,2021-11-08,530,558,744,816,1114,1504,1512,1698,1728,2383,1622,1138,96,765,10,84,77,56,0,0,0,0,2048
1,20211108T012849_20211108T013450_T54TVK,140.03625860047453,40.28310737000749,2021-11-08,142,308,580,505,1010,1629,1901,2318,2209,2336,1775,1114,96,766,4,52,59,33,0,0,0,0,0
1,20211108T012849_20211108T013450_T54TVK,140.07246070642455,40.30071434957624,2021-11-08,482,537,733,764,1101,1713,1801,1850,2011,2455,1745,1135,96,765,10,78,75,55,0,0,0,0,2048
1,20211108T012849_20211108T013450_T54TVK,140.09518808311276,40.261457971660214,2021-11-08,45,211,651,391,1198,2394,2684,3028,2979,2564,1741,993,96,1136,4,41,68,22,0,0,0,0,0
1,20211108T012849_20211108T013450_T54TVK,140.09419993630024,40.26046982484768,2021-11-08,31,247,608,343,1215,2348,2768,3272,3100,2720,1748,1021,96,835,4,35,61,23,0,0,0,0,0
1,20211108T012849_20211108T013450_T54TVK,140.0698555921006,40.293707490360106,2021-11-08,124,298,487,634,929,1251,1496,1544,1713,1842,1724,1139,96,728,5,65,50,32,0,0,0,0,2048
1,20211108T012849_20211108T013450_T54TVK,140.0887202130671,40.27978360345625,2021-11-08,249,332,393,545,780,1033,1026,1094,1333,1790,1433,1062,96,765,7,56,40,32,0,0,0,0,2048
1,20211108T012849_20211108T013450_T54TVK,140.09788302896513,40.258673194279446,2021-11-08,121,272,696,464,1458,2602,2941,3190,3191,2687,2230,1463,96,911,4,47,70,25,0,0,0,0,0
1,20211108T012849_20211108T013450_T54TVK,140.09716437673782,40.25301380798949,2021-11-08,30,285,507,435,970,1833,1884,1964,2102,2362,1658,1047,96,913,4,45,52,29,0,0,0,0,2048
1,20211108T012849_20211108T013450_T54TVK,140.08755240319775,40.2778971413596,2021-11-08,126,323,447,560,815,923,1027,1304,1305,1887,1359,998,96,765,2,57,46,32,0,0,0,0,2048
1,20211108T012849_20211108T013450_T54TVK,140.09491858852752,40.26046982484768,2021-11-08,16,291,670,481,1504,2862,3245,3540,3511,3147,1754,944,96,1008,4,51,70,32,0,0,0,0,0
1,20211108T012849_20211108T013450_T54TVK,140.09644572451055,40.25301380798949,2021-11-08,23,246,476,441,874,1530,1722,2046,1946,2016,1708,1111,96,861,4,46,50,25,0,0,0,0,2048
1,20211108T012849_20211108T013450_T54TVK,140.0765031252031,40.322543410980344,2021-11-08,679,569,689,799,1034,1350,1455,1470,1622,2390,1429,1050,96,765,10,82,71,58,2,0,0,0,2048
1,20211108T012849_20211108T013450_T54TVK,140.03410264379264,40.32389088390652,2021-11-08,289,404,633,706,1170,1720,1882,2092,2146,2171,1902,1255,96,671,4,72,65,42,0,0,0,0,0
1,20211108T012849_20211108T013450_T54TVK,140.0338331492074,40.323980715434935,2021-11-08,289,364,593,709,1292,1896,2036,1866,2288,2171,2150,1431,96,671,5,73,62,37,0,0,0,0,0
1,20211108T012849_20211108T013450_T54TVK,140.0797370602259,40.324429873076994,2021-11-08,603,912,1050,990,1274,1584,1715,1962,1748,2291,1505,1019,95,765,10,102,108,93,6,0,0,0,2048
1,20211108T012849_20211108T013450_T54TVK,140.07605396756102,40.32191459028146,2021-11-08,745,568,589,697,972,1135,1330,1378,1521,2546,1414,1077,96,765,10,71,60,58,1,0,0,0,2048
1,20211108T012849_20211108T013450_T54TVK,140.04506209025888,40.30897885019014,2021-11-08,196,392,581,601,987,1731,1881,2190,2109,2244,1716,1072,96,704,4,62,60,38,0,0,0,0,0
1,20211108T012849_20211108T013450_T54TVK,140.0938406101866,40.26046982484768,2021-11-08,31,250,546,374,1027,2048,2312,2586,2480,2720,1729,980,96,832,4,39,57,25,0,0,0,0,0
1,20211108T012849_20211108T013450_T54TVK,140.08467779428855,40.27960394039943,2021-11-08,414,322,466,592,929,1416,1657,1470,1704,1919,1535,1069,96,765,7,61,48,33,0,0,0,0,2048
1,20211108T012849_20211108T013450_T54TVK,140.07991672328274,40.32622650364523,2021-11-08,486,719,997,750,1202,2029,2112,2496,2307,2670,1542,1011,95,765,10,76,101,74,2,0,0,0,2048
1,20211108T012849_20211108T013450_T54TVK,140.08674391944203,40.330628248537415,2021-11-08,165,371,539,489,911,1630,1869,2100,2069,2146,1484,905,94,732,4,50,55,38,0,0,0,0,2048
1,20211108T012849_20211108T013450_T54TVK,140.07928790258384,40.32559768294635,2021-11-08,523,1110,912,747,1309,2149,2455,2920,2495,2600,1598,1005,95,765,10,77,93,112,2,0,0,0,2048
1,20211108T012849_20211108T013450_T54TVK,140.0796472286975,40.32577734600317,2021-11-08,566,998,873,810,1326,2150,2286,2338,2390,2659,1593,999,95,765,10,82,88,102,2,0,0,0,2048
1,20211108T012849_20211108T013450_T54TVK,140.096984713681,40.24870189462572,2021-11-08,113,265,448,566,906,1190,1325,1546,1590,1632,1803,1271,96,652,5,59,46,28,0,0,0,0,2048
1,20211108T012849_20211108T013450_T54TVK,140.0880015608398,40.273675059524244,2021-11-08,1,231,424,417,513,992,1177,1648,1166,1324,842,529,96,708,4,42,43,24,0,0,0,0,0
1,20211108T012849_20211108T013450_T54TVK,140.08997785446488,40.33116723770789,2021-11-08,244,431,608,663,954,1323,1596,1958,1676,1668,1311,883,89,765,2,68,62,46,0,0,0,0,2048
1,20211108T012849_20211108T013450_T54TVK,140.08647442485682,40.33071808006583,2021-11-08,106,378,481,534,939,1768,2017,1868,2148,2258,1558,966,94,712,4,56,50,36,0,0,0,0,2048
1,20211108T012849_20211108T013450_T54TVK,140.08710324555568,40.3319757214636,2021-11-08,89,278,390,380,497,888,1031,1528,1183,1762,1004,602,92,765,4,39,40,29,0,0,0,0,2048
1,20211108T012849_20211108T013450_T54TVK,140.0871930770841,40.33170622687836,2021-11-08,135,414,561,662,863,1204,1334,1606,1538,2113,1667,1198,92,765,7,68,57,43,0,0,0,0,2048
1,20211108T012849_20211108T013450_T54TVK,140.08746257166933,40.33152656382154,2021-11-08,165,377,473,583,805,1086,1278,1410,1426,2071,1528,1081,92,765,7,60,49,39,0,0,0,0,2048
1,20211108T012849_20211108T013450_T54TVK,140.087821897783,40.3312570692363,2021-11-08,165,333,478,509,804,1299,1302,1810,1575,2071,1449,987,92,765,7,52,49,34,0,0,0,0,2048
1,20211108T012849_20211108T013450_T54TVK,140.09375077865818,40.2613681401318,2021-11-08,18,283,433,558,887,1281,1421,1676,1764,2057,1830,1277,96,842,5,55,44,30,0,0,0,0,0
1,20211108T012849_20211108T013450_T54TVK,140.08809139236823,40.27870562511531,2021-11-08,159,274,516,471,838,1349,1452,1616,1665,1800,1284,850,96,656,4,48,53,28,0,0,0,0,2048
1,20211108T012849_20211108T013450_T54TVK,140.08737274014092,40.27897511970055,2021-11-08,152,267,467,405,802,1256,1443,1598,1600,1699,1335,859,96,689,4,42,48,28,0,0,0,0,2048
1,20211108T012849_20211108T013450_T54TVK,140.09518808311276,40.26046982484768,2021-11-08,16,311,722,597,1481,2611,2957,3272,3231,3147,1819,1058,96,1008,4,59,74,34,0,0,0,0,0
1,20211108T012849_20211108T013450_T54TVK,140.0871930770841,40.277986972888016,2021-11-08,86,312,503,612,947,1364,1468,1928,1850,1536,1539,1010,96,765,4,63,51,31,0,0,0,0,2048
1,20211108T012849_20211108T013450_T54TVK,140.09042701210694,40.28310737000749,2021-11-08,517,443,532,634,735,1086,1244,1512,1362,2288,1578,1162,95,756,7,65,55,45,0,0,0,0,2048
1,20211108T012849_20211108T013450_T54TVK,140.08090487009525,40.272507249654886,2021-11-08,1,165,228,262,482,602,675,636,711,1148,1025,744,96,765,2,27,24,18,0,0,0,0,0
1,20211108T012849_20211108T013450_T54TVK,140.08072520703843,40.32317223167923,2021-11-08,514,652,722,874,1087,1286,1340,1404,1471,2083,1211,762,95,765,10,89,74,68,0,0,0,0,2048
1,20211108T012849_20211108T013450_T54TVK,140.04560107942936,40.31338059508232,2021-11-08,240,284,549,437,936,1677,1794,1896,2054,2367,1847,1139,96,739,4,45,56,29,0,0,0,0,0
1,20211108T012849_20211108T013450_T54TVK,140.0404806823099,40.317512845389274,2021-11-08,310,604,815,1017,1737,2004,2157,2218,2368,2316,2728,2008,96,869,5,104,84,61,0,0,0,0,0
1,20211108T012849_20211108T013450_T54TVK,140.0767726197883,40.322723074037164,2021-11-08,774,595,676,808,1010,1337,1394,1366,1491,2594,1418,1046,96,765,10,83,69,61,2,0,0,0,2048
1,20211108T012849_20211108T013450_T54TVK,140.04479259567367,40.309428007832196,2021-11-08,180,374,631,609,1090,1928,2296,2836,2349,2176,1876,1159,96,820,4,62,65,39,0,0,0,0,0
1,20211108T012849_20211108T013450_T54TVK,140.08099470162367,40.273405564939004,2021-11-08,225,192,344,368,637,1014,1125,1166,1202,1395,1089,773,96,765,2,39,36,23,0,0,0,0,0
1,20211108T012849_20211108T013450_T54TVK,140.0713827280836,40.29029389228045,2021-11-08,79,304,409,506,783,1203,1343,1286,1526,1788,1435,973,96,765,2,52,42,31,0,0,0,0,2048
1,20211108T012849_20211108T013450_T54TVK,140.0721912118393,40.29999569734894,2021-11-08,552,568,702,746,1358,1926,2078,2146,2302,2581,2168,1563,96,765,10,76,72,58,0,0,0,0,2048
1,20211108T012849_20211108T013450_T54TVK,140.0692267714017,40.265590221967166,2021-11-08,178,369,524,723,1266,1677,1803,1622,1927,1788,1869,1283,96,786,5,75,54,37,0,0,0,0,0
